Name,Stars,Forks,Months,TF_version,Torch_version
huggingface/transformers,27831.0,6599.0,24.0,none,none
madewithml/basics,24271.0,4352.0,24.0,ntensorflow==2.0.0,ntorch==1.4.0
fastai/fastai,17974.0,6411.0,36.0,none,  - torchtext==0.2.3
CorentinJ/Real-Time-Voice-Cloning,17618.0,3321.0,12.0,"b'tensorflow-gpu>=1.10.0,<=1.14.0",none
yunjey/pytorch-tutorial,16775.0,5362.0,36.0,none,none
junyanz/pytorch-CycleGAN-and-pix2pix,11990.0,3521.0,36.0,none,ntorchvision>=0.2.1
zergtant/pytorch-handbook,11506.0,3583.0,24.0,none,none
bharathgs/Awesome-pytorch-list,9995.0,2199.0,36.0,none,none
open-mmlab/mmdetection,9588.0,3271.0,24.0,none,none
lutzroeder/netron,9511.0,1156.0,120.0,none,none
horovod/horovod,9319.0,1489.0,36.0,none,none
ShusenTang/Dive-into-DL-PyTorch,8942.0,2791.0,12.0,none,none
flairNLP/flair,8732.0,1168.0,24.0,none,ntorch>=1.1.0
allenai/allennlp,8516.0,1810.0,36.0,none,none
onnx/onnx,8448.0,1431.0,36.0,none,none
dragen1860/Deep-Learning-with-TensorFlow-book,8308.0,2461.0,12.0,none,none
pytorch/fairseq,7988.0,1957.0,36.0,none,none
rusty1s/pytorch_geometric,7756.0,1259.0,36.0,none,none
chenyuntc/pytorch-book,7374.0,2715.0,36.0,none,ntorchvision
Cadene/pretrained-models.pytorch,6672.0,1466.0,36.0,none,ntorchvision
graykode/nlp-tutorial,6331.0,1744.0,12.0,none,none
lanpa/tensorboardX,6321.0,704.0,36.0,none,none
pyro-ppl/pyro,6252.0,735.0,36.0,none,none
microsoft/nni,6187.0,821.0,24.0,none,none
wiseodd/generative-models,6050.0,1885.0,48.0,none,none
PyTorchLightning/pytorch-lightning,5798.0,642.0,12.0,none,ntorch>=1.3
OpenMined/PySyft,5621.0,1289.0,36.0,none,none
ufoym/deepo,5568.0,696.0,36.0,none,none
jwyang/faster-rcnn.pytorch,5310.0,1823.0,36.0,none,none
aymericdamien/TopDeepLearning,4863.0,1018.0,48.0,none,none
MorvanZhou/PyTorch-Tutorial,4792.0,2223.0,36.0,none,none
ritchieng/the-incredible-pytorch,4729.0,938.0,36.0,none,none
ouyanghuiyu/chineseocr_lite,4712.0,807.0,0.0,none,none
microsoft/MMdnn,4710.0,884.0,36.0,none,none
ultralytics/yolov3,4668.0,1660.0,24.0,none,n# conda install -yc pytorch pytorch torchvision
yunjey/stargan,4543.0,831.0,36.0,none,none
NVIDIA/pix2pixHD,4521.0,938.0,36.0,none,none
stanfordnlp/stanza,4201.0,536.0,36.0,none,none
OpenNMT/OpenNMT-py,4167.0,1573.0,36.0,none,none
utkuozbulak/pytorch-cnn-visualizations,4060.0,851.0,36.0,none,none
PipelineAI/pipeline,3987.0,961.0,60.0,none,none
MVIG-SJTU/AlphaPose,3987.0,1087.0,24.0,none,none
jadore801120/attention-is-all-you-need-pytorch,3969.0,1042.0,36.0,none,none
yandexdataschool/Practical_RL,3958.0,1184.0,36.0,none,none
1adrianb/face-alignment,3907.0,888.0,36.0,none,none
hunkim/DeepLearningZeroToAll,3899.0,2499.0,36.0,ntensorflow,n# torchvision
jackzhenguo/python-small-examples,3884.0,895.0,12.0,none,none
rwightman/pytorch-image-models,3704.0,510.0,12.0,none,ntorchvision>=0.5.0
amdegroot/ssd.pytorch,3653.0,1384.0,36.0,none,none
codertimo/BERT-pytorch,3484.0,756.0,24.0,none,ntorch>=0.4.0'
udacity/deep-learning-v2-pytorch,3334.0,3640.0,24.0,none,none
facebookresearch/mmf,3264.0,425.0,24.0,none,ntorchtext==0.5.0
hunkim/PyTorchZeroToAll,3236.0,1059.0,36.0,none,ntorchvision==0.1.9
udacity/deep-reinforcement-learning,3229.0,1571.0,24.0,none,none
CSAILVision/semantic-segmentation-pytorch,3230.0,713.0,36.0,none,ntorchvision
zylo117/Yet-Another-EfficientDet-Pytorch,3193.0,713.0,0.0,none,none
skorch-dev/skorch,3190.0,240.0,36.0,none,none
ymcui/Chinese-BERT-wwm,3074.0,557.0,12.0,none,none
dsgiitr/d2l-pytorch,3041.0,857.0,12.0,none,ntorchvision==0.6.0
Mikoto10032/DeepLearning,2964.0,1121.0,24.0,none,none
kuangliu/pytorch-cifar,2908.0,1133.0,36.0,none,none
NervanaSystems/distiller,2885.0,555.0,24.0,ntensorflow~=1.14,ntorchnet==0.0.4
dbolya/yolact,2863.0,686.0,24.0,none,"    - pillow <7.0 # bug PILLOW_VERSION in torchvision, must be < 7.0 until torchvision is upgraded"
pytorch/ignite,2831.0,323.0,36.0,none,none
quark0/darts,2819.0,583.0,24.0,none,none
ayooshkathuria/pytorch-yolo-v3,2764.0,914.0,24.0,none,none
roytseng-tw/Detectron.pytorch,2709.0,565.0,24.0,none,none
meetshah1995/pytorch-semseg,2691.0,704.0,36.0,none,ntorchvision==0.2.0
mindsdb/mindsdb,2688.0,329.0,24.0,none,none
ysh329/deep-learning-model-convertor,2667.0,442.0,36.0,none,none
foolwood/SiamMask,2664.0,669.0,12.0,none,ntorchvision==0.2.1
rasbt/deep-learning-book,2653.0,743.0,48.0,none,none
microsoft/DeepSpeed,2543.0,213.0,0.0,ntensorflow-gpu==1.15.2,ntorchvision>=0.4.0
brightmart/albert_zh,2529.0,487.0,12.0,none,none
cleardusk/3DDFA,2521.0,483.0,24.0,none,"ndlib==19.5.0 # 19.15+ version may cause conflict with pytorch, this may take several minutes"
polyaxon/polyaxon,2462.0,233.0,48.0,none,none
milesial/Pytorch-UNet,2449.0,790.0,36.0,none,ntorchvision
chenyuntc/simple-faster-rcnn-pytorch,2441.0,790.0,36.0,none,ngit+https://github.com/pytorch/tnt.git@master'
kornia/kornia,2436.0,258.0,24.0,none,ntorchvision==0.6.0
NervanaSystems/nlp-architect,2406.0,373.0,24.0,b'tensorflow==1.15.2,ntorch==1.4.0
openai/jukebox,2401.0,246.0,0.0,none,none
DSKSD/DeepNLP-models-Pytorch,2395.0,577.0,36.0,none,none
TarrySingh/Artificial-Intelligence-Deep-Learning-Machine-Learning-Tutorials,2349.0,1224.0,36.0,none,none
espnet/espnet,2349.0,696.0,36.0,none,none
sksq96/pytorch-summary,2324.0,279.0,24.0,none,none
pytorch/text,2302.0,529.0,48.0,none,none
awslabs/autogluon,2288.0,273.0,12.0,none,none
avinashpaliwal/Super-SloMo,2268.0,370.0,24.0,none,none
apachecn/pytorch-doc-zh,2261.0,680.0,24.0,none,none
Atcold/pytorch-Deep-Learning,2255.0,691.0,24.0,none,    - torchviz
carpedm20/ENAS-pytorch,2220.0,422.0,24.0,none,none
bytedance/byteps,2198.0,308.0,12.0,none,none
mozilla/TTS,2182.0,459.0,24.0,none,ntorch>=1.5
kenshohara/3D-ResNets-PyTorch,2167.0,586.0,36.0,none,none
maciejkula/spotlight,2138.0,334.0,36.0,none,none
tianzhi0549/FCOS,2120.0,416.0,12.0,none,ntorchvision
junxiaosong/AlphaZero_Gomoku,2048.0,689.0,36.0,none,none
podgorskiy/ALAE,2048.0,289.0,12.0,none,ntorchvision
layumi/Person_reID_baseline_pytorch,2045.0,622.0,36.0,none,none
L1aoXingyu/pytorch-beginner,2006.0,842.0,36.0,none,none
znxlwm/pytorch-generative-model-collections,2003.0,451.0,36.0,none,none
wandb/client,1984.0,115.0,36.0,none,none
ShangtongZhang/DeepRL,1983.0,461.0,36.0,ntensorflow==1.12.0,ngit+git://github.com/tristandeleu/pytorch-meta.git@794bf82348fbdc2b68b04f5de89c38017d54ba59
NVIDIAGameWorks/kaolin,1958.0,255.0,12.0,none,none
cornellius-gp/gpytorch,1955.0,276.0,36.0,none,b'torch>=1.3
huggingface/neuralcoref,1943.0,338.0,36.0,none,none
explosion/thinc,1928.0,180.0,72.0,none,none
ikostrikov/pytorch-a2c-ppo-acktr-gail,1927.0,507.0,36.0,none,none
ajbrock/BigGAN-PyTorch,1892.0,284.0,12.0,none,none
bentrevett/pytorch-sentiment-analysis,1861.0,486.0,36.0,none,none
catalyst-team/catalyst,1851.0,199.0,24.0,none,none
aaron-xichen/pytorch-playground,1836.0,496.0,36.0,none,ntorchvision==0.4.2
ZhaoJ9014/face.evoLVe.PyTorch,1823.0,457.0,12.0,none,none
L1aoXingyu/code-of-learn-deep-learning-with-pytorch,1810.0,934.0,36.0,none,none
adambielski/siamese-triplet,1806.0,406.0,24.0,none,none
asappresearch/sru,1794.0,278.0,36.0,none,b'torch>=1.1.0
suragnair/alpha-zero-general,1782.0,518.0,36.0,none,none
open-mmlab/mmskeleton,1782.0,582.0,36.0,none,ntorchvision
mars-project/mars,1777.0,197.0,24.0,none,none
jfzhang95/pytorch-deeplab-xception,1745.0,536.0,24.0,none,none
qubvel/segmentation_models.pytorch,1732.0,341.0,12.0,none,nefficientnet-pytorch>=0.6.3
knazeri/edge-connect,1731.0,358.0,24.0,none,none
jessevig/bertviz,1729.0,295.0,24.0,none,ntorch>=1.0.0
ahkarami/Deep-Learning-in-Production,1726.0,282.0,24.0,none,none
microsoft/pai,1708.0,403.0,36.0,none,none
PetrochukM/PyTorch-NLP,1706.0,201.0,24.0,none,n# pytorch >=0.4 install from http://pytorch.org/
KupynOrest/DeblurGAN,1684.0,400.0,36.0,none,none
zhanghang1989/ResNeSt,1681.0,260.0,0.0,none,none
salesforce/awd-lstm-lm,1673.0,422.0,36.0,none,none
hzwer/ICCV2019-LearningToPaint,1673.0,227.0,12.0,none,none
zllrunning/video-object-removal,1635.0,254.0,12.0,none,none
bentrevett/pytorch-seq2seq,1619.0,452.0,24.0,none,none
rguthrie3/DeepLearningForNLPInPytorch,1613.0,413.0,36.0,none,none
deeplearningturkiye/turkce-yapay-zeka-kaynaklari,1609.0,323.0,36.0,none,none
mravanelli/pytorch-kaldi,1602.0,339.0,24.0,none,none
thu-ml/tianshou,1594.0,235.0,24.0,none,none
tangyudi/Ai-Learn,1546.0,441.0,0.0,none,none
CSAILVision/gandissect,1541.0,246.0,24.0,none,none
jiesutd/NCRFpp,1525.0,386.0,36.0,none,none
ncullen93/torchsample,1522.0,257.0,36.0,none,none
intel-analytics/analytics-zoo,1500.0,356.0,36.0,none,none
osmr/imgclsmob,1491.0,286.0,24.0,ntensorflow_addons,ntorchvision>=0.2.1
KevinMusgrave/pytorch-metric-learning,1479.0,211.0,12.0,none,none
r9y9/wavenet_vocoder,1474.0,361.0,36.0,none,none
bethgelab/foolbox,1462.0,267.0,36.0,none,none
albertpumarola/GANimation,1447.0,328.0,24.0,none,none
gram-ai/capsule-networks,1436.0,299.0,36.0,none,none
longcw/faster_rcnn_pytorch,1425.0,444.0,36.0,none,none
seungeunrho/minimalRL,1410.0,176.0,12.0,none,none
tjwei/GANotebooks,1348.0,354.0,48.0,none,none
r9y9/deepvoice3_pytorch,1334.0,333.0,36.0,none,none
clovaai/stargan-v2,1333.0,170.0,12.0,none,none
microsoft/NeuronBlocks,1311.0,178.0,12.0,none,none
zijundeng/pytorch-semantic-segmentation,1306.0,327.0,36.0,none,none
longcw/yolo2-pytorch,1302.0,355.0,36.0,none,none
cs230-stanford/cs230-code-examples,1299.0,553.0,24.0,none,none
sgrvinod/a-PyTorch-Tutorial-to-Object-Detection,1298.0,318.0,24.0,none,none
nianticlabs/monodepth2,1285.0,325.0,12.0,none,none
svip-lab/impersonator,1264.0,242.0,12.0,none,ntorchvision==0.4.0
devnag/pytorch-generative-adversarial-networks,1259.0,414.0,36.0,none,none
NVIDIA-AI-IOT/torch2trt,1250.0,203.0,12.0,none,none
NervanaSystems/ngraph,1247.0,211.0,36.0,none,none
open-mmlab/mmaction,1242.0,246.0,12.0,none,none
clovaai/CRAFT-pytorch,1234.0,392.0,12.0,none,ntorchvision==0.2.1
QuantScientist/Deep-Learning-Boot-Camp,1229.0,358.0,36.0,none,none
IBM/pytorch-seq2seq,1226.0,324.0,36.0,none,ntorchtext
MLEveryday/practicalAI-cn,1226.0,316.0,24.0,none,none
toandaominh1997/EfficientDet.Pytorch,1226.0,272.0,12.0,none,ntorchvision
jacobgil/pytorch-grad-cam,1215.0,269.0,36.0,none,none
huggingface/pytorch-openai-transformer-lm,1195.0,240.0,24.0,none,none
dragen1860/Deep-Learning-with-PyTorch-Tutorials,1190.0,621.0,24.0,none,none
ml-tooling/ml-workspace,1189.0,140.0,12.0,none,none
gpleiss/efficient_densenet_pytorch,1180.0,262.0,36.0,none,none
ruinmessi/RFBNet,1177.0,330.0,36.0,none,none
pytorch/tnt,1172.0,160.0,48.0,none,none
waleedka/hiddenlayer,1163.0,172.0,24.0,none,none
danielhanchen/hyperlearn,1161.0,108.0,24.0,none,none
frombeijingwithlove/dlcv_for_beginners,1158.0,625.0,48.0,none,none
yhenon/pytorch-retinanet,1143.0,395.0,24.0,none,none
reshamas/fastai_deeplearn_part1,1136.0,322.0,36.0,none,none
szagoruyko/attention-transfer,1127.0,240.0,36.0,none,ntorchvision
wkentaro/pytorch-fcn,1126.0,354.0,36.0,none,ntorchvision>=0.1.8
timesler/facenet-pytorch,1119.0,209.0,12.0,none,none
moskomule/senet.pytorch,1115.0,259.0,36.0,none,none
Tramac/awesome-semantic-segmentation-pytorch,1104.0,302.0,12.0,none,none
gnes-ai/gnes,1101.0,202.0,12.0,none,none
apachecn/home,1096.0,176.0,24.0,none,none
junyanz/BicycleGAN,1086.0,204.0,36.0,none,ntorchvision>=0.2.1
joosthub/PyTorchNLPBook,1074.0,451.0,12.0,none,none
torchgan/torchgan,1045.0,122.0,24.0,none,ntorchvision>=0.4
ShawnBIT/UNet-family,1041.0,252.0,24.0,none,none
azavea/raster-vision,1025.0,241.0,36.0,none,none
xavier-zy/Awesome-pytorch-list-CNVersion,1024.0,256.0,12.0,none,none
huggingface/hmtl,1023.0,113.0,24.0,none,ntorch==0.4.1
Cysu/open-reid,1018.0,326.0,36.0,none,none
bearpaw/pytorch-classification,1014.0,407.0,36.0,none,none
richzhang/PerceptualSimilarity,1014.0,187.0,24.0,none,ntorchvision>=0.2.1
vahidk/EffectivePyTorch,1009.0,100.0,0.0,none,none
caogang/wgan-gp,1003.0,252.0,36.0,none,none
fatchord/WaveRNN,1003.0,345.0,24.0,none,none
Eric-mingjie/rethinking-network-pruning,989.0,215.0,24.0,none,none
kakaobrain/fast-autoaugment,987.0,124.0,12.0,none,ngit+https://github.com/ildoonet/pytorch-gradual-warmup-lr.git@08f7d5e
sgrvinod/a-PyTorch-Tutorial-to-Image-Captioning,987.0,311.0,24.0,none,none
rwightman/gen-efficientnet-pytorch,972.0,127.0,12.0,none,ntorchvision>=0.4.0
Sierkinhane/CRNN_Chinese_Characters_Rec,971.0,334.0,24.0,none,none
chenyuntc/PyTorchText,968.0,351.0,36.0,none,ngit+https://github.com/pytorch/tnt.git@master
weiaicunzai/pytorch-cifar100,964.0,320.0,36.0,none,none
bermanmaxim/LovaszSoftmax,957.0,200.0,24.0,none,none
seracc/masr,951.0,285.0,12.0,none,b'torch==1.0.1
ymcui/Chinese-XLNet,948.0,179.0,12.0,none,none
jayleicn/animeGAN,946.0,174.0,36.0,none,none
lucidrains/reformer-pytorch,944.0,119.0,0.0,none,none
NVlabs/PWC-Net,930.0,236.0,24.0,none,none
carpedm20/DiscoGAN-pytorch,927.0,212.0,36.0,none,none
ryfeus/lambda-packs,924.0,180.0,48.0,none,none
Project-MONAI/MONAI,919.0,154.0,12.0,none,npytorch-ignite==0.3.0
CLUEbenchmark/CLUE,916.0,166.0,12.0,none,none
kuaikuaikim/DFace,906.0,288.0,36.0,none,prefix: /home/asy/.conda/envs/pytorch
Diego999/pyGAT,907.0,285.0,24.0,none,ntorch==0.4.1.post2'
NVlabs/DG-Net,905.0,157.0,12.0,none,none
mkocabas/VIBE,902.0,175.0,12.0,ntensorflow==1.15.2,ngit+https://github.com/mkocabas/yolov3-pytorch.git
CuriousAI/mean-teacher,899.0,229.0,36.0,none,none
AIZOOTech/FaceMaskDetection,899.0,306.0,0.0,none,none
AlexHex7/Non-local_pytorch,898.0,163.0,36.0,none,none
ZQPei/deep_sort_pytorch,884.0,296.0,24.0,none,ntorchvision==0.5.0
yanshengjia/ml-road,881.0,420.0,36.0,none,none
fendouai/PyTorchDocs,881.0,340.0,12.0,none,none
qfgaohao/pytorch-ssd,871.0,286.0,24.0,none,none
sniklaus/3d-ken-burns,869.0,115.0,12.0,none,ntorchvision>=0.4.0'
huggingface/transfer-learning-conv-ai,866.0,227.0,12.0,ntensorflow  # for tensorboardX,npytorch-ignite
huggingface/nlp,877.0,58.0,0.0,none,none
benedekrozemberczki/CapsGNN,863.0,156.0,12.0,none,none
stared/livelossplot,857.0,108.0,24.0,none,none
D-X-Y/AutoDL-Projects,853.0,168.0,12.0,none,none
ternaus/TernausNet,851.0,216.0,36.0,none,none
LoSealL/VideoSuperResolution,851.0,207.0,24.0,none,none
sweetice/Deep-reinforcement-learning-with-pytorch,840.0,234.0,24.0,ntensorflow==1.15.2,ntorchvision
ufoym/imbalanced-dataset-sampler,839.0,128.0,24.0,none,ntorchvision'
jettify/pytorch-optimizer,838.0,64.0,0.0,none,none
uber/petastorm,835.0,147.0,24.0,none,none
microsoft/EdgeML,836.0,224.0,36.0,none,none
carefree0910/MachineLearning,831.0,626.0,48.0,ntensorflow_gpu == 1.4.0,ntorch == 0.2.1+a4fc05a
bearpaw/pytorch-pose,830.0,191.0,36.0,none,none
arogozhnikov/einops,825.0,26.0,24.0,none,none
ranahanocka/MeshCNN,825.0,129.0,12.0,none,  - pytorch=1.2.0
sniklaus/sepconv-slomo,823.0,156.0,36.0,none,ntorch>=1.3.0'
speedinghzl/CCNet,816.0,170.0,24.0,none,none
nyoki-mtl/pytorch-EverybodyDanceNow,808.0,192.0,24.0,none,none
lufficc/SSD,808.0,200.0,24.0,none,ntorchvision>=0.3
tristandeleu/pytorch-meta,805.0,90.0,24.0,none,none
BachiLi/redner,800.0,77.0,24.0,none,none
awslabs/djl,797.0,105.0,12.0,none,none
learnables/learn2learn,792.0,76.0,12.0,none,none
microsoft/DialoGPT,789.0,112.0,12.0,none,none
caoscott/SReC,778.0,57.0,0.0,none,none
Swall0w/torchstat,775.0,80.0,24.0,none,b'torch
ikostrikov/pytorch-a3c,773.0,203.0,36.0,none,none
torrvision/crayon,773.0,59.0,48.0,none,none
switchablenorms/Switchable-Normalization,771.0,115.0,24.0,none,none
dbiir/UER-py,769.0,140.0,12.0,none,b'torch>=1.0
kengz/SLM-Lab,766.0,138.0,36.0,none,  - pytorch=1.3.1
kenshohara/video-classification-3d-cnn-pytorch,763.0,208.0,36.0,none,none
yjxiong/tsn-pytorch,763.0,259.0,36.0,none,none
cszn/DnCNN,758.0,396.0,48.0,none,none
kimhc6028/relational-networks,751.0,145.0,36.0,none,    - torch==1.4.0
Shawn1993/cnn-text-classification-pytorch,749.0,230.0,36.0,none,none
JiaRenChang/PSMNet,748.0,250.0,24.0,none,none
buppt/ChineseNER,748.0,285.0,24.0,none,none
deepset-ai/FARM,746.0,100.0,12.0,none,ntorch>=1.4.0
mseitzer/pytorch-fid,742.0,158.0,24.0,none,none
BloodAxe/pytorch-toolbelt,741.0,57.0,12.0,none,none
Po-Hsun-Su/pytorch-ssim,737.0,178.0,36.0,none,none
DeepWisdom/AutoDL,730.0,141.0,0.0,b'tensorflow-gpu>=1.13.1,ntorchvision==0.4.2
zhengyima/DeepNude_NoWatermark_withModel,728.0,557.0,12.0,none,none
LiyuanLucasLiu/LM-LSTM-CRF,725.0,192.0,36.0,none,nhttp://download.pytorch.org/whl/cu80/torch-0.3.0.post4-cp35-cp35m-linux_x86_64.whl'
graphdeeplearning/benchmarking-gnns,731.0,120.0,0.0,none,none
peterliht/knowledge-distillation-pytorch,721.0,160.0,24.0,ntensorflow==1.7.0rc0,ntorchnet'
Curt-Park/rainbow-is-all-you-need,721.0,163.0,12.0,none,b'torch==1.0.1
off99555/machine-learning-curriculum,720.0,212.0,48.0,none,none
explosion/spacy-transformers,720.0,86.0,12.0,none,"ntorchcontrib>=0.0.2,<0.1.0"
sovrasov/flops-counter.pytorch,718.0,127.0,24.0,none,none
jingweiz/pytorch-rl,710.0,123.0,36.0,none,none
julvo/reloading,707.0,17.0,12.0,none,none
filipradenovic/cnnimageretrieval-pytorch,701.0,182.0,24.0,none,none
opencv/openvino_training_extensions,695.0,269.0,24.0,none,none
altosaar/variational-autoencoder,691.0,188.0,48.0,    - tensorflow-probability==0.7.0,none
ialhashim/DenseDepth,691.0,164.0,24.0,none,none
huggingface/torchMoji,683.0,112.0,36.0,none,none
higgsfield/Capsule-Network-Tutorial,682.0,124.0,36.0,none,none
huggingface/pytorch-pretrained-BigGAN,678.0,105.0,12.0,none,ntorch>=0.4.1
uvipen/QuickDraw,677.0,107.0,12.0,none,none
ansleliu/LightNet,675.0,171.0,24.0,none,none
freewym/espresso,675.0,77.0,24.0,none,none
StanfordVL/MinkowskiEngine,672.0,82.0,12.0,none,ntorch
lzx1413/PytorchSSD,666.0,223.0,36.0,none,none
jacobgil/pytorch-pruning,665.0,175.0,36.0,none,none
AntixK/PyTorch-VAE,665.0,70.0,0.0,none,ntorchvision==0.4.0
youyuge34/Anime-InPainting,663.0,84.0,12.0,none,none
sgrvinod/Deep-Tutorials-for-PyTorch,659.0,116.0,24.0,none,none
MaximumEntropy/Seq2Seq-PyTorch,655.0,166.0,36.0,none,none
ShichenLiu/CondenseNet,653.0,129.0,36.0,none,none
cardwing/Codes-for-Lane-Detection,645.0,238.0,24.0,none,none
pyannote/pyannote-audio,644.0,149.0,48.0,none,none
BindsNET/bindsnet,640.0,165.0,24.0,none,ntorchvision==0.5.0
perone/medicaltorch,641.0,100.0,24.0,none,ntorchvision>=0.2.1
uvipen/Super-mario-bros-A3C-pytorch,639.0,150.0,12.0,none,none
fidler-lab/polyrnn-pp-pytorch,638.0,91.0,24.0,none,none
kazuto1011/deeplab-pytorch,638.0,163.0,36.0,none,none
smilelight/lightNLP,637.0,191.0,12.0,none,ntorchcrf
bamos/densenet.pytorch,636.0,137.0,36.0,none,none
pytorch/translate,627.0,141.0,24.0,none,none
zhangxiaosong18/FreeAnchor,627.0,109.0,12.0,none,none
speedinghzl/pytorch-segmentation-toolbox,625.0,132.0,24.0,none,none
diegoalejogm/gans,624.0,278.0,36.0,ntensorflow-estimator==2.1.0,ntorchvision==0.5.0
BorealisAI/advertorch,624.0,91.0,24.0,none,none
666DZY666/model-compression,619.0,154.0,12.0,none,none
erikwijmans/Pointnet2_PyTorch,619.0,145.0,36.0,none,npytorch-lightning==0.7.1
hengyuan-hu/bottom-up-attention-vqa,616.0,160.0,36.0,none,none
LaurentMazare/tch-rs,613.0,59.0,12.0,none,none
harveyslash/Facial-Similarity-with-Siamese-Networks-in-Pytorch,608.0,204.0,36.0,none,none
prabhuomkar/pytorch-cpp,604.0,77.0,12.0,none,none
hollobit/All-About-the-GAN,603.0,149.0,36.0,none,none
implus/PytorchInsight,602.0,96.0,12.0,none,none
sunshineatnoon/Paper-Implementations,601.0,201.0,36.0,none,none
IBM/FfDL,601.0,177.0,24.0,none,none
yoyoyo-yo/DeepLearningMugenKnock,601.0,71.0,12.0,ntensorflow,ntorchvision
ClementPinard/SfmLearner-Pytorch,600.0,139.0,36.0,none,b'torch >= 1.4.0
CharlesShang/DCNv2,600.0,120.0,24.0,none,none
nv-tlabs/GSCNN,597.0,125.0,12.0,none,none
bamtercelboo/cnn-lstm-bilstm-deepcnn-clstm-in-pytorch,594.0,206.0,36.0,none,none
jeffreyyihuang/two-stream-action-recognition,592.0,207.0,36.0,none,none
nashory/pggan-pytorch,590.0,107.0,36.0,ntensorflow-tensorboard==0.1.8,none
guan-yuan/awesome-AutoML-and-Lightweight-Models,588.0,128.0,24.0,none,none
mravanelli/SincNet,586.0,159.0,24.0,none,none
creafz/pytorch-cnn-finetune,585.0,91.0,24.0,none,none
perone/euclidesdb,585.0,26.0,24.0,none,none
akirasosa/mobile-semantic-segmentation,578.0,120.0,36.0,none,none
kamalkraj/BERT-NER,576.0,152.0,12.0,none,ntorch==1.2.0
D-X-Y/landmark-detection,575.0,117.0,24.0,none,none
zisianw/FaceBoxes.PyTorch,575.0,149.0,12.0,none,none
qfettes/DeepRL-Tutorials,576.0,149.0,24.0,none,none
isht7/pytorch-deeplab-resnet,574.0,123.0,36.0,none,none
Daniil-Osokin/lightweight-human-pose-estimation.pytorch,575.0,129.0,12.0,none,ntorchvision>=0.2.1
williamFalcon/test-tube,573.0,52.0,36.0,none,ntorch>=1.1.0
pytorchbearer/torchbearer,572.0,58.0,24.0,none,ntorchvision
JavierAntoran/Bayesian-Neural-Networks,570.0,106.0,12.0,none,none
kritiksoman/GIMP-ML,570.0,33.0,0.0,none,none
asyml/texar-pytorch,569.0,78.0,12.0,none,b'torch >= 1.0.0
ignacio-rocco/detectorch,568.0,71.0,24.0,none,none
kumar-shridhar/PyTorch-BayesianCNN,565.0,139.0,24.0,none,none
Santosh-Gupta/SpeedTorch,564.0,35.0,12.0,none,ntorch
wohlert/semi-supervised-pytorch,562.0,92.0,36.0,none,none
ShannonAI/service-streamer,563.0,88.0,12.0,none,none
szagoruyko/functional-zoo,559.0,90.0,36.0,none,npytorchviz
orobix/Prototypical-Networks-for-Few-shot-Learning-PyTorch,560.0,131.0,24.0,none,none
wasidennis/AdaptSegNet,553.0,148.0,24.0,none,none
AlfredXiangWu/LightCNN,552.0,142.0,36.0,none,none
prakashpandey9/Text-Classification-Pytorch,550.0,168.0,24.0,none,none
microsoft/Windows-Machine-Learning,548.0,267.0,24.0,none,none
Cadene/vqa.pytorch,547.0,145.0,36.0,none,ntorch
oscarknagg/few-shot,541.0,111.0,24.0,none,ntorchvision==0.2.1
ShuangXieIrene/ssds.pytorch,537.0,164.0,24.0,none,ntorchvision'
jakesnell/prototypical-networks,536.0,139.0,36.0,none,none
nyukat/breast_cancer_classifier,536.0,150.0,24.0,none,ntorchvision>=0.2.0
zdevito/ATen,535.0,104.0,36.0,none,none
DrSleep/light-weight-refinenet,534.0,123.0,24.0,none,ntorch==0.4.1
IgorSusmelj/pytorch-styleguide,533.0,62.0,12.0,none,none
guanfuchen/semseg,532.0,133.0,36.0,none,none
google-research/big_transfer,534.0,33.0,0.0,none,none
icpm/super-resolution,527.0,132.0,24.0,none,none
WarBean/tps_stn_pytorch,525.0,111.0,36.0,none,none
hysts/pytorch_image_classification,525.0,126.0,36.0,none,ntorchvision
nerox8664/pytorch2keras,522.0,90.0,36.0,ntensorflow,ntorchvision
JiahuiYu/wdsr_ntire2018,522.0,115.0,24.0,none,none
Res2Net/Res2Net-PretrainedModels,521.0,100.0,12.0,none,none
Tianxiaomo/pytorch-YOLOv4,521.0,131.0,0.0,none,ntorch==1.4.0
ClementPinard/FlowNetPytorch,515.0,147.0,36.0,none,ntorchvision
JDAI-CV/fast-reid,515.0,131.0,24.0,none,none
BobLiu20/YOLOv3_PyTorch,514.0,151.0,24.0,none,ntorchvision
ChenRocks/fast_abs_rl,514.0,148.0,24.0,none,b'pytorch=0.4.0
Khrylx/PyTorch-RL,511.0,121.0,36.0,none,none
chenyuntc/pytorch-best-practice,505.0,189.0,36.0,none,ntorchvision
goru001/inltk,504.0,105.0,12.0,none,none
tugstugi/dl-colab-notebooks,505.0,139.0,12.0,none,none
ternaus/TernausNetV2,501.0,102.0,24.0,none,none
mindslab-ai/voicefilter,501.0,109.0,12.0,none,ntorch==1.0.1
BIGBALLON/CIFAR-ZOO,499.0,137.0,12.0,none,none
mit-han-lab/gan-compression,498.0,63.0,0.0,none,ntorchvision==0.5.0
udacity/CVND_Exercises,497.0,443.0,24.0,none,none
shunsukesaito/PIFu,497.0,80.0,12.0,none,ntorchvision==0.5.0
salesforce/matchbox,495.0,22.0,24.0,none,none
Doragd/Chinese-Chatbot-PyTorch-Implementation,493.0,132.0,12.0,none,ntorch==1.0.1
signatrix/efficientdet,493.0,120.0,12.0,none,b'efficientnet_pytorch
kuan-wang/pytorch-mobilenet-v3,493.0,107.0,12.0,none,none
graykode/gpt-2-Pytorch,491.0,103.0,12.0,none,none
wabyking/TextClassificationBenchmark,490.0,123.0,36.0,none,none
DanAnastasyev/DeepNLP-Course,490.0,134.0,24.0,none,none
github-pengge/PyTorch-progressive_growing_of_gans,487.0,85.0,36.0,none,none
kmkurn/pytorch-crf,486.0,82.0,36.0,none,none
XanaduAI/pennylane,485.0,133.0,24.0,none,none
BlackHC/tfpyth,484.0,79.0,12.0,none,none
EdGENetworks/attention-networks-for-classification,482.0,117.0,36.0,none,none
leftthomas/SRGAN,482.0,176.0,36.0,none,none
PyRetri/PyRetri,483.0,66.0,0.0,none,ntorchvision>=0.4
wolny/pytorch-3dunet,482.0,170.0,24.0,none,none
wujiyang/Face_Pytorch,480.0,100.0,24.0,none,none
graykode/xlnet-Pytorch,480.0,91.0,12.0,none,none
lucidrains/stylegan2-pytorch,482.0,92.0,0.0,none,none
ternaus/robot-surgery-segmentation,476.0,165.0,24.0,none,b'torch==0.4.0
szymonmaszke/torchlayers,475.0,31.0,12.0,none,none
MarvinTeichmann/ConvCRF,473.0,114.0,24.0,none,none
ikergarcia1996/Self-Driving-Car-in-Video-Games,473.0,53.0,0.0,none,none
junyanz/VON,472.0,79.0,24.0,none,none
loicland/superpoint_graph,469.0,142.0,36.0,none,none
mlelarge/dataflowr,469.0,160.0,24.0,none,none
TropComplique/mtcnn-pytorch,468.0,127.0,36.0,none,none
KaiyangZhou/pytorch-center-loss,467.0,123.0,24.0,none,none
clcarwin/convert_torch_to_pytorch,466.0,135.0,36.0,none,none
moemen95/Pytorch-Project-Template,466.0,99.0,24.0,none,ntorchvision==0.2.1
elbayadm/attn2d,465.0,65.0,24.0,none,none
svjan5/GNNs-for-NLP,465.0,63.0,12.0,ntensorflow==1.14.0,ntorch==1.2.0
ksw0306/FloWaveNet,461.0,104.0,24.0,none,none
wkentaro/pytorch-for-numpy-users,460.0,57.0,36.0,none,ntorch
kazuto1011/grad-cam-pytorch,455.0,116.0,36.0,none,none
D-X-Y/NAS-Bench-201,451.0,94.0,36.0,none,none
sxhxliang/BigGAN-pytorch,447.0,80.0,24.0,none,none
L1aoXingyu/Deep-Learning-Project-Template,446.0,100.0,36.0,none,none
zllrunning/face-parsing.PyTorch,446.0,109.0,12.0,none,none
bobbens/sketch_simplification,442.0,70.0,36.0,none,none
maelfabien/Machine_Learning_Tutorials,440.0,152.0,12.0,none,none
dasguptar/treelstm.pytorch,437.0,122.0,36.0,none,b'http://download.pytorch.org/whl/cpu/torch-0.4.0-cp36-cp36m-linux_x86_64.whl
NVIDIA/retinanet-examples,437.0,148.0,12.0,none,none
ming71/mmdetection-annotated,436.0,76.0,12.0,none,none
dgriff777/rl_a3c_pytorch,436.0,86.0,36.0,none,none
huawei-noah/AdderNet,437.0,70.0,0.0,none,none
lonePatient/albert_pytorch,434.0,87.0,12.0,none,none
sotte/pytorch_tutorial,432.0,186.0,24.0,none,none
Burton2000/CS231n-2017,431.0,177.0,36.0,none,none
MisaOgura/flashtorch,431.0,49.0,12.0,none,  - torchvision=0.6.0
twhui/LiteFlowNet,430.0,82.0,24.0,none,none
SenticNet/conv-emotion,429.0,127.0,24.0,none,none
mattmacy/vnet.pytorch,428.0,143.0,36.0,none,ntorchbiomed
songdejia/EAST,428.0,119.0,24.0,none,none
longcw/RoIAlign.pytorch,427.0,68.0,36.0,none,none
WXinlong/SOLO,426.0,59.0,0.0,none,none
ruiminshen/yolo2-pytorch,424.0,95.0,36.0,none,ntorchvision
cdqa-suite/cdQA,423.0,134.0,12.0,none,ntorch==1.2.0
kakaobrain/torchgpipe,422.0,29.0,12.0,none,none
agrimgupta92/sgan,419.0,131.0,24.0,none,ntorchvision==0.2.1
zhunzhong07/Random-Erasing,418.0,96.0,36.0,none,none
zhirongw/lemniscate.pytorch,416.0,77.0,24.0,none,none
shayneobrien/generative-models,416.0,59.0,24.0,none,ntorchvision
hamelsmu/code_search,415.0,121.0,24.0,none,none
kaushalshetty/Structured-Self-Attention,416.0,101.0,24.0,none,none
fxia22/stn.pytorch,413.0,69.0,36.0,none,none
rusty1s/pytorch_scatter,413.0,53.0,36.0,none,none
apachecn/nlp-pytorch-zh,413.0,116.0,12.0,none,ntorch
adambielski/CapsNet-pytorch,411.0,55.0,36.0,none,none
RobotLocomotion/pytorch-dense-correspondence,411.0,87.0,24.0,none,none
kaituoxu/Speech-Transformer,412.0,128.0,24.0,none,none
loretoparisi/CapsNet,411.0,108.0,36.0,none,none
amirassov/kaggle-imaterialist,411.0,114.0,12.0,none,none
xcmyz/FastSpeech,410.0,130.0,12.0,none,none
samet-akcay/ganomaly,409.0,124.0,24.0,none,ntorchvision==0.4.0a0+6b959ee
Eric-mingjie/network-slimming,409.0,105.0,24.0,none,none
locuslab/qpth,407.0,60.0,36.0,none,none
rafellerc/Pytorch-SiamFC,407.0,90.0,24.0,none,none
DIYer22/boxx,407.0,38.0,36.0,none,none
wvangansbeke/LaneDetection_End2End,406.0,147.0,12.0,none,none
fregu856/deeplabv3,403.0,105.0,24.0,none,none
Yuheng-Li/MixNMatch,401.0,75.0,12.0,none,none
loudinthecloud/pytorch-ntm,400.0,87.0,36.0,none,none
mkocabas/EpipolarPose,404.0,70.0,12.0,none,ntorchvision
amusi/PyTorch-From-Zero-To-One,399.0,111.0,24.0,none,none
naoto0804/pytorch-AdaIN,398.0,92.0,36.0,none,ntorchvision==0.4.0
ikostrikov/pytorch-flows,398.0,43.0,24.0,none,none
ycszen/pytorch-segmentation,397.0,81.0,36.0,none,none
yinchangchang/ocr_densenet,397.0,140.0,24.0,none,none
koursaros-ai/nboost,397.0,42.0,12.0,none,none
descriptinc/melgan-neurips,397.0,83.0,12.0,none,b'torch
ne7ermore/torch-light,395.0,171.0,36.0,none,none
timbmg/Sentence-VAE,394.0,116.0,24.0,none,ntorch==0.3.1
araffin/robotics-rl-srl,394.0,63.0,24.0,  - tensorflow-gpu=1.8.0,    - torchfile==0.1.0
TAMU-VITA/DeblurGANv2,390.0,116.0,12.0,none,ntorchvision
iamhankai/ghostnet.pytorch,391.0,91.0,12.0,none,none
Hzzone/pytorch-openpose,388.0,95.0,24.0,none,none
nv-tlabs/STEAL,389.0,51.0,12.0,none,ntorchvision==0.2.1
Schlumberger/joint-vae,387.0,52.0,24.0,none,ntorchvision==0.2.0
Oldpan/Pytorch-Memory-Utils,386.0,77.0,24.0,none,none
bigmb/Unet-Segmentation-Pytorch-Nest-of-Unets,386.0,111.0,12.0,none,ntorchsummary
aitorzip/PyTorch-CycleGAN,384.0,124.0,36.0,none,none
anibali/docker-pytorch,383.0,122.0,36.0,none,b'name: docker-pytorch
miguelvr/dropblock,383.0,61.0,24.0,none,ntorch>=0.4.1'
uvipen/Flappy-bird-deep-Q-learning-pytorch,379.0,97.0,12.0,none,none
lium-lst/nmtpytorch,378.0,51.0,36.0,none,    - pytorch-ignite==0.3.0
GunhoChoi/Kind-PyTorch-Tutorial,377.0,102.0,36.0,none,none
prlz77/ResNeXt.pytorch,377.0,97.0,36.0,none,none
tlkh/ai-lab,377.0,60.0,24.0,none,none
benedekrozemberczki/ClusterGCN,377.0,66.0,12.0,none,none
vaibhawvipul/First-steps-towards-Deep-Learning,377.0,65.0,12.0,none,none
richzhang/colorization-pytorch,376.0,55.0,24.0,none,ntorchvision>=0.2.1
bryanyzhu/two-stream-pytorch,371.0,110.0,36.0,none,none
leaderj1001/Attention-Augmented-Conv2d,371.0,64.0,12.0,none,none
ildoonet/pytorch-gradual-warmup-lr,369.0,61.0,12.0,none,none
kevinzakka/recurrent-visual-attention,368.0,102.0,36.0,none,none
ThibaultGROUEIX/AtlasNet,366.0,71.0,24.0,none,none
ymcui/Chinese-ELECTRA,366.0,37.0,0.0,none,none
hitvoice/DrQA,365.0,97.0,36.0,none,none
zuoxingdong/lagom,365.0,28.0,36.0,none,none
RedisAI/RedisAI,367.0,37.0,48.0,none,none
weiaicunzai/Bag_of_Tricks_for_Image_Classification_with_Convolutional_Neural_Networks,363.0,63.0,36.0,none,none
Bjarten/early-stopping-pytorch,360.0,91.0,24.0,none,ntorchvision
huanghoujing/EANet,359.0,82.0,24.0,none,ntorchvision==0.2.1
xiaoyufenfei/LEDNet,358.0,65.0,12.0,none,ntorchsummary==1.5.1
Tixierae/deep_learning_NLP,358.0,98.0,36.0,none,none
navneet-nmk/pytorch-rl,357.0,46.0,24.0,none,none
kevinzakka/hypersearch,356.0,32.0,24.0,none,none
GengDavid/pytorch-cpn,355.0,70.0,24.0,none,none
bodokaiser/piwise,354.0,86.0,36.0,none,ntorchvision ~= 0.1
hassony2/kinetics_i3d_pytorch,354.0,90.0,36.0,none,none
fancompute/wavetorch,354.0,39.0,12.0,none,b'pytorch>=1.2
yunjey/mnist-svhn-transfer,352.0,96.0,36.0,none,none
XuezheMax/NeuroNLP2,352.0,73.0,36.0,none,none
rowanz/neural-motifs,351.0,96.0,24.0,none,none
naoto0804/pytorch-inpainting-with-partial-conv,352.0,93.0,24.0,none,ntorchvision==0.2.1
ctallec/world-models,351.0,78.0,24.0,none,none
akamaster/pytorch_resnet_cifar10,351.0,123.0,24.0,none,none
CUHKSZ-TQL/EverybodyDanceNow_reproduce_pytorch,350.0,114.0,24.0,none,none
apachecn/fastai-ml-dl-notes-zh,350.0,110.0,24.0,none,none
fangchangma/self-supervised-depth-completion,350.0,80.0,24.0,none,none
vandit15/Class-balanced-loss-pytorch,350.0,57.0,12.0,none,none
youngwanLEE/centermask2,348.0,52.0,0.0,none,none
yanx27/Pointnet_Pointnet2_pytorch,347.0,111.0,12.0,none,none
YuliangXiu/MobilePose-pytorch,345.0,84.0,24.0,none,ntorchvision==0.2.1
akanimax/pro_gan_pytorch,344.0,64.0,24.0,none,none
buppt/ChineseNRE,344.0,122.0,24.0,none,none
ayumiymk/aster.pytorch,344.0,94.0,12.0,  - tensorflow-estimator=1.13.0=py_0,  - torchvision=0.3.0=py37_cu9.0.176_1
arnoweng/CheXNet,343.0,151.0,36.0,none,none
OniroAI/MonoDepth-PyTorch,343.0,76.0,24.0,none,none
Atcold/pytorch-CortexNet,342.0,78.0,36.0,none,none
MandyMo/pytorch_HMR,341.0,73.0,24.0,none,none
jinfagang/alfred,340.0,62.0,24.0,none,none
kevinzakka/pytorch-goodies,338.0,43.0,24.0,none,none
fepegar/torchio,337.0,44.0,12.0,none,none
twtygqyy/pytorch-SRResNet,336.0,91.0,36.0,none,none
davidmascharka/tbd-nets,335.0,63.0,24.0,none,  - pytorch
foolwood/pytorch-slimming,335.0,68.0,24.0,none,none
Lotayou/densebody_pytorch,335.0,59.0,12.0,none,none
TianhongDai/reinforcement-learning-algorithms,334.0,73.0,24.0,none,none
benedekrozemberczki/MixHop-and-N-GCN,333.0,47.0,12.0,none,none
pbloem/former,333.0,49.0,12.0,none,    - torchtext==0.4.0
Stonesjtu/pytorch_memlab,333.0,12.0,12.0,none,ntorch>=1.4
mariusbrataas/flowpoints_ml,332.0,47.0,12.0,none,none
abhiskk/fast-neural-style,331.0,63.0,36.0,none,none
xiaoyufenfei/Efficient-Segmentation-Networks,331.0,62.0,12.0,none,ntorchsummary==1.5.1
TAMU-VITA/AutoGAN,330.0,51.0,12.0,ntensorflow-gpu==1.12.0,none
cgnorthcutt/benchmarking-keras-pytorch,330.0,37.0,12.0,none,none
sacmehta/ESPNetv2,329.0,55.0,24.0,none,none
DLR-RM/stable-baselines3,343.0,34.0,0.0,none,none
ypwhs/dl-engineer-guidebook,328.0,53.0,12.0,none,none
mratsim/Amazon-Forest-Computer-Vision,326.0,62.0,36.0,none,none
locuslab/optnet,325.0,47.0,36.0,none,none
EagleW/PaperRobot,325.0,103.0,12.0,none,none
nicolas-chaulet/torch-points3d,325.0,37.0,12.0,none,ntorchvision==0.5.0
GRAAL-Research/poutyne,324.0,43.0,36.0,none,ntorch'
Oldpan/Faceswap-Deepfake-Pytorch,324.0,120.0,24.0,none,none
dmmiller612/bert-extractive-summarizer,324.0,81.0,12.0,none,ntorch==1.0.1
SeuTao/TGS-Salt-Identification-Challenge-2018-_4th_place_solution,324.0,89.0,24.0,none,ntorchvision==0.2.1
walktree/libtorch-yolov3,323.0,91.0,24.0,none,none
kefirski/pytorch_RVAE,322.0,76.0,36.0,none,none
XinJCheng/CSPN,322.0,74.0,24.0,none,none
Omegastick/pytorch-cpp-rl,320.0,50.0,12.0,none,none
kevinzakka/nca,320.0,42.0,0.0,none,none
stevenygd/PointFlow,320.0,29.0,12.0,none,none
ritheshkumar95/pytorch-vqvae,319.0,63.0,24.0,none,none
mihaidusmanu/d2-net,319.0,82.0,12.0,none,none
lonePatient/Bert-Multi-Label-Text-Classification,319.0,102.0,12.0,none,ntorch==1.0.1
WenmuZhou/PSENet.pytorch,318.0,88.0,12.0,none,none
songdejia/Siamese-RPN-pytorch,317.0,81.0,24.0,none,none
yihongXU/deepMOT,318.0,67.0,12.0,none,none
sberbank-ai/ner-bert,316.0,82.0,24.0,none,ntorch
hongyi-zhang/mixup,315.0,62.0,36.0,none,none
sinkingsugar/nimtorch,315.0,11.0,24.0,none,none
AnubhavGupta3377/Text-Classification-Models-Pytorch,315.0,84.0,24.0,none,none
THUDM/cogdl,315.0,58.0,12.0,none,none
chaiyujin/glow-pytorch,314.0,55.0,24.0,none,none
toodef/neural-pipeline,314.0,21.0,24.0,none,ntorchvision
yl-1993/learn-to-cluster,313.0,62.0,12.0,none,none
hfslyc/AdvSemiSeg,312.0,96.0,24.0,none,none
leemengtaiwan/deep-learning-resources,312.0,46.0,12.0,none,none
soobinseo/Transformer-TTS,312.0,74.0,12.0,none,none
fungtion/DANN,311.0,65.0,24.0,none,none
williamSYSU/TextGAN-PyTorch,311.0,77.0,12.0,none,b'torch>=1.0.0
Confusezius/Deep-Metric-Learning-Baselines,311.0,57.0,12.0,none,nfaiss-gpu cudatoolkit=9.0 -c pytorch
harskish/ganspace,311.0,38.0,0.0,none,  - pytorch::torchvision
sthalles/SimCLR,312.0,46.0,0.0,none,ntorchvision=0.5.0=py37_cu101
davidtvs/pytorch-lr-finder,309.0,60.0,24.0,none,none
MushroomRL/mushroom-rl,308.0,49.0,36.0,none,ntorch
kan-bayashi/ParallelWaveGAN,309.0,51.0,12.0,none,none
HarryVolek/PyTorch_Speaker_Verification,307.0,112.0,24.0,none,none
omerbsezer/Fast-Pytorch,306.0,69.0,12.0,none,none
znxlwm/pytorch-MNIST-CelebA-GAN-DCGAN,306.0,113.0,36.0,none,none
ZhouYanzhao/PRM,306.0,54.0,24.0,none,none
deepset-ai/haystack,309.0,55.0,12.0,none,none
hendrycks/robustness,305.0,51.0,24.0,none,none
arnas/awesome-pytorch-scholarship,305.0,74.0,24.0,none,none
ywk991112/pytorch-chatbot,305.0,108.0,36.0,none,none
kymatio/kymatio,304.0,58.0,24.0,none,none
chrischoy/pytorch-custom-cuda-tutorial,304.0,33.0,36.0,none,none
Kyubyong/pytorch_exercises,304.0,39.0,36.0,none,none
parlance/ctcdecode,304.0,121.0,36.0,none,b'torch'
chingyaoc/ggnn.pytorch,303.0,73.0,24.0,none,none
seungwonpark/melgan,302.0,53.0,12.0,none,ntorch
castorini/hedwig,301.0,61.0,12.0,none,ntorchtext==0.2.3
felixgwu/img_classification_pk_pytorch,301.0,67.0,36.0,none,ntorch>=0.4
chenxi116/PNASNet.pytorch,301.0,40.0,24.0,none,none
microsoft/AzureML-BERT,300.0,81.0,24.0,none,none
talebolano/yolov3-network-slimming,300.0,83.0,24.0,none,none
TAMU-VITA/EnlightenGAN,299.0,82.0,12.0,none,none
liu-nlper/SLTK,299.0,82.0,24.0,none,ntorch==0.4.0
CoinCheung/BiSeNet,299.0,56.0,24.0,none,none
AbnerHqC/GaitSet,298.0,96.0,24.0,none,none
jalola/improved-wgan-pytorch,297.0,49.0,24.0,ntensorflow==2.1.0,ntorchvision==0.4.0
sniklaus/pytorch-pwc,297.0,60.0,24.0,none,ntorch>=1.3.0'
benedekrozemberczki/GraphWaveletNeuralNetwork,297.0,67.0,12.0,none,none
airaria/TextBrewer,297.0,47.0,0.0,none,none
art-programmer/PlaneNet,297.0,68.0,36.0,none,none
vinhkhuc/PyTorch-Mini-Tutorials,295.0,73.0,36.0,none,none
atgambardella/pytorch-es,295.0,36.0,36.0,none,none
DagnyT/hardnet,295.0,64.0,36.0,none,none
MorvanZhou/pytorch-A3C,291.0,74.0,24.0,none,none
inejc/paragraph-vectors,291.0,58.0,36.0,none,ntorchtext==0.2.0
fangchangma/sparse-to-dense.pytorch,289.0,67.0,24.0,none,none
bat67/pytorch-tutorials-examples-and-books,289.0,122.0,24.0,none,none
andy-yun/pytorch-0.4-yolov3,289.0,73.0,24.0,none,none
DemisEom/SpecAugment,289.0,82.0,12.0,none,none
fartashf/vsepp,288.0,98.0,36.0,none,none
Ha0Tang/SelectionGAN,288.0,49.0,12.0,none,none
nyoki-mtl/pytorch-segmentation,287.0,57.0,24.0,none,none
saic-vul/adaptis,286.0,24.0,12.0,none,none
threelittlemonkeys/lstm-crf-pytorch,285.0,69.0,36.0,none,none
Alro10/deep-learning-time-series,285.0,60.0,12.0,none,none
daizuozhuo/batch-dropblock-network,284.0,81.0,24.0,none,none
Megvii-CSG/MegReader,283.0,45.0,12.0,none,none
c0nn3r/RetinaNet,282.0,42.0,36.0,none,none
lanwuwei/SPM_toolkit,282.0,67.0,24.0,none,none
hahnyuan/nn_tools,281.0,52.0,48.0,none,none
feedly/transfer-nlp,281.0,18.0,12.0,none,ntorch==1.1.0
achaiah/pywick,282.0,28.0,12.0,none,ntorchvision
MarwanDebbiche/post-tuto-deployment,280.0,69.0,12.0,none,none
stared/thinking-in-tensors-writing-in-pytorch,279.0,32.0,24.0,none,none
zsef123/EfficientNets-PyTorch,278.0,39.0,12.0,none,none
cszn/KAIR,277.0,89.0,12.0,none,none
uvipen/Yolo-v2-pytorch,277.0,92.0,12.0,none,none
Naman-ntc/Pytorch-Human-Pose-Estimation,276.0,58.0,24.0,none,ntorchvision
mpariente/asteroid,278.0,58.0,12.0,none,ntorch_optimizer>=0.0.1a12
corenel/pytorch-adda,275.0,84.0,36.0,none,ntorchvision
wohlert/generative-query-network-pytorch,275.0,48.0,24.0,  - tensorflow-gpu=1.10.0=hf154084_0,    - torch==1.0.0
ml-mipt/ml-mipt,276.0,200.0,12.0,none,none
aleju/self-driving-truck,275.0,82.0,36.0,none,none
outcastofmusic/quick-nlp,275.0,46.0,24.0,none,none
utkuozbulak/pytorch-cnn-adversarial-attacks,274.0,43.0,36.0,none,none
csinva/csinva.github.io,274.0,72.0,48.0,none,none
uvipen/Tetris-deep-Q-learning-pytorch,274.0,46.0,0.0,none,none
Media-Smart/vedaseg,274.0,33.0,12.0,none,ntorchvision>=0.3.0
HoloClean/holoclean,275.0,76.0,24.0,none,ntorch==1.0.1.post2
medipixel/rl_algorithms,273.0,32.0,24.0,none,ntorch==1.0.1
Cadene/tensorflow-model-zoo.torch,272.0,85.0,48.0,none,none
lrjconan/LanczosNetwork,272.0,51.0,24.0,none,none
edouardoyallon/pyscatwave,271.0,50.0,36.0,none,ntorch_testing
ybabakhin/kaggle_salt_bes_phalanx,271.0,77.0,24.0,none,none
shreyaspadhy/UNet-Zoo,269.0,60.0,36.0,none,none
xiadingZ/video-caption.pytorch,268.0,86.0,24.0,none,none
ShadowXZT/pytorch_RFCN,267.0,53.0,36.0,none,none
4uiiurz1/pytorch-deform-conv-v2,267.0,58.0,24.0,none,none
kwotsin/mimicry,267.0,22.0,0.0,ntensorflow,ntorchvision<2.0
he-y/filter-pruning-geometric-median,267.0,55.0,12.0,none,none
jackroos/VL-BERT,268.0,40.0,12.0,ntensorflow,none
LikeLy-Journey/SegmenTron,267.0,61.0,12.0,none,none
MillionIntegrals/vel,266.0,33.0,24.0,none,ntorchvision==0.2.2.post3
salihkaragoz/pose-residual-network-pytorch,266.0,46.0,24.0,none,none
msamogh/nonechucks,266.0,13.0,24.0,none,none
leftthomas/ESPCN,266.0,73.0,36.0,none,none
msurtsukov/neural-ode,267.0,38.0,12.0,none,none
justusschock/shapenet,266.0,53.0,12.0,none,b'delira[torch]>=0.4.1
pemami4911/neural-combinatorial-rl-pytorch,265.0,81.0,36.0,none,none
santi-pdp/pase,266.0,55.0,24.0,none,ngit+https://github.com/salesforce/pytorch-qrnn
twtygqyy/pytorch-vdsr,264.0,100.0,36.0,none,none
ymfa/seq2seq-summarizer,264.0,52.0,24.0,none,b'torch==0.4.0
LaurentMazare/ocaml-torch,265.0,21.0,24.0,none,none
hendrycks/outlier-exposure,263.0,53.0,24.0,none,none
ZhixiuYe/HSCRF-pytorch,262.0,60.0,24.0,none,nhttp://download.pytorch.org/whl/cu75/torch-0.2.0.post3-cp27-cp27m-manylinux1_x86_64.whl'
bfortuner/pytorch-kaggle-starter,261.0,61.0,36.0,none,none
dsgiitr/graph_nets,260.0,65.0,12.0,none,ntorch-sparse==0.4.3
alphadl/lookahead.pytorch,261.0,50.0,12.0,none,none
tugstugi/pytorch-saltnet,259.0,55.0,24.0,none,ntorchvision
TAMU-VITA/ShapeMatchingGAN,258.0,46.0,12.0,none,none
ikostrikov/pytorch-trpo,257.0,55.0,36.0,none,none
YannDubs/disentangling-vae,257.0,59.0,12.0,none,ntorchvision
benedekrozemberczki/SimGNN,257.0,59.0,12.0,none,none
jxgu1016/MNIST_center_loss_pytorch,256.0,68.0,36.0,none,none
ksw0306/ClariNet,256.0,54.0,24.0,none,none
jrzaurin/pytorch-widedeep,256.0,69.0,36.0,none,none
aelnouby/Text-to-Image-Synthesis,254.0,62.0,36.0,none,none
kan-bayashi/PytorchWaveNetVocoder,254.0,52.0,36.0,none,none
vikasverma1077/manifold_mixup,254.0,31.0,24.0,none,none
alvinwan/neural-backed-decision-trees,255.0,39.0,0.0,none,ntorchvision
jacobgil/pytorch-explain-black-box,253.0,48.0,36.0,none,none
cezannec/capsule_net_pytorch,253.0,96.0,24.0,none,none
junyuseu/pytorch-cifar-models,252.0,77.0,36.0,none,ntorchvision
jaxony/ShuffleNet,251.0,65.0,36.0,none,none
bfortuner/pytorch-cheatsheet,251.0,81.0,36.0,none,none
jingweiz/pytorch-dnc,250.0,46.0,36.0,none,none
yuanyuanli85/Fast_Human_Pose_Estimation_Pytorch,250.0,44.0,12.0,none,ntorchvision==0.2.1
sarathknv/adversarial-examples-pytorch,250.0,49.0,24.0,none,none
kentsommer/pytorch-value-iteration-networks,249.0,49.0,36.0,none,ntorchvision>=0.1.8
szagoruyko/pyinn,249.0,30.0,36.0,none,none
ikostrikov/pytorch-meta-optimizer,248.0,53.0,36.0,none,none
aitorzip/PyTorch-SRGAN,248.0,77.0,36.0,none,none
bamos/block,248.0,25.0,36.0,none,none
4uiiurz1/pytorch-nested-unet,247.0,65.0,24.0,none,none
NVIDIA-AI-IOT/trt_pose,248.0,70.0,12.0,none,none
ysymyth/3D-SDN,246.0,41.0,24.0,none,  - torchvision=0.2.1
xanderchf/MonoDepth-FPN-PyTorch,246.0,60.0,24.0,none,none
YU1ut/MixMatch-pytorch,245.0,48.0,12.0,none,none
lorenmt/mtan,245.0,50.0,12.0,none,none
Eromera/erfnet_pytorch,244.0,96.0,36.0,none,none
rlgraph/rlgraph,244.0,27.0,24.0,none,none
he-y/soft-filter-pruning,243.0,42.0,24.0,none,none
qubvel/ttach,243.0,17.0,12.0,none,none
KaiyuYue/cgnl-network.pytorch,242.0,38.0,24.0,none,none
criteo-research/reco-gym,241.0,48.0,24.0,none,  - pytorch
nmhkahn/pytorch-exercise,240.0,43.0,24.0,none,ntorchtext >= 0.2.3
gurkirt/realtime-action-detection,241.0,93.0,36.0,none,none
AnjieCheng/MnasNet-PyTorch,240.0,48.0,24.0,none,none
fregu856/3DOD_thesis,240.0,65.0,24.0,none,none
mks0601/3DMPPE_POSENET_RELEASE,240.0,45.0,12.0,none,none
rwightman/efficientdet-pytorch,240.0,20.0,0.0,none,ntorchvision
savan77/The-GAN-World,238.0,77.0,36.0,none,none
speedinghzl/Pytorch-Deeplab,238.0,59.0,36.0,none,none
bfortuner/pytorch_tiramisu,238.0,57.0,36.0,none,none
johnolafenwa/TorchFusion,238.0,36.0,24.0,none,none
d-li14/mobilenetv2.pytorch,237.0,73.0,24.0,none,none
dpressel/mead-baseline,237.0,65.0,48.0,none,none
cyvius96/DGP,237.0,49.0,24.0,none,none
sacmehta/EdgeNets,236.0,51.0,12.0,ntensorflow',ntorchvision>=0.3.0
benedekrozemberczki/AttentionWalk,236.0,36.0,12.0,none,none
rusty1s/pytorch_cluster,235.0,46.0,24.0,none,none
wpf535236337/real-time-network,235.0,47.0,24.0,none,none
transedward/pytorch-dqn,234.0,72.0,36.0,none,none
JunjH/Revisiting_Single_Depth_Estimation,234.0,54.0,24.0,none,none
ionvision/DeepLearningCourseCodes,232.0,185.0,36.0,none,none
osai-ai/tensor-stream,232.0,24.0,24.0,none,none
L0SG/relational-rnn-pytorch,231.0,27.0,24.0,none,b'torch
lcswillems/rl-starter-files,230.0,64.0,24.0,none,b'torch-ac>=1.1.0
ixaxaar/pytorch-dnc,229.0,43.0,36.0,none,ntorch==1.0.1.post2
durandtibo/wildcat.pytorch,229.0,53.0,36.0,none,none
timeseriesAI/timeseriesAI,229.0,54.0,12.0,none,none
hijkzzz/alpha-zero-gomoku,228.0,38.0,24.0,none,b'pytorch
alankbi/detecto,228.0,29.0,12.0,none,ntorchvision
jiwoon-ahn/irn,228.0,46.0,12.0,none,ntorchvision'
LianHaiMiao/pytorch-lesson-zh,226.0,70.0,36.0,none,none
kolloldas/torchnlp,226.0,42.0,24.0,none,b'# torch is not available via pip
awarebayes/RecNN,225.0,50.0,12.0,none,none
inferno-pytorch/inferno,225.0,35.0,36.0,none,none
theeluwin/pytorch-sgns,224.0,43.0,36.0,none,none
pochih/FCN-pytorch,224.0,88.0,36.0,none,ntorchvision==0.1.9
znxlwm/pytorch-MNIST-CelebA-cGAN-cDCGAN,224.0,81.0,36.0,none,none
NTMC-Community/MatchZoo-py,224.0,47.0,12.0,none,npytorch-transformers >= 1.1.0
uoip/SSD-variants,223.0,55.0,24.0,none,none
laughtervv/DepthAwareCNN,223.0,66.0,24.0,none,none
backtime92/CRAFT-Reimplementation,223.0,79.0,12.0,none,ntorchvision==0.2.1
rusty1s/pytorch_sparse,223.0,20.0,24.0,none,none
alibaba/flink-ai-extended,222.0,81.0,12.0,none,none
Randl/MobileNetV2-pytorch,220.0,65.0,24.0,none,ntorchvision>=0.1.9
Mariewelt/OpenChem,220.0,28.0,24.0,none,none
kuanghuei/SCAN,220.0,60.0,24.0,none,none
ikostrikov/pytorch-ddpg-naf,220.0,58.0,36.0,none,none
delira-dev/delira,219.0,23.0,24.0,none,none
Kenza-AI/sagify,219.0,35.0,24.0,none,none
j-min/DL-for-Chatbot,219.0,63.0,36.0,none,none
Mukosame/Zooming-Slow-Mo-CVPR-2020,219.0,43.0,0.0,none,none
nicola-decao/s-vae-pytorch,217.0,26.0,24.0,none,none
bknyaz/graph_nn,217.0,40.0,24.0,none,none
rixwew/pytorch-fm,218.0,63.0,12.0,none,b'torch>=1.1
Xilinx/brevitas,216.0,47.0,24.0,none,none
nearai/torchfold,217.0,23.0,36.0,none,none
devendrachaplot/DeepRL-Grounding,217.0,34.0,36.0,none,none
xiongzihua/pytorch-YOLO-v1,215.0,101.0,24.0,none,none
mit-han-lab/pvcnn,215.0,43.0,12.0,none,b'torch
gitabcworld/MatchingNetworks,214.0,62.0,36.0,none,ntorchvision
svip-lab/PlanarReconstruction,214.0,57.0,12.0,ntensorflow==1.14.0,ntorchvision==0.2.0
CompVis/metric-learning-divide-and-conquer,214.0,27.0,12.0,none,none
vithursant/MagnetLoss-PyTorch,213.0,27.0,36.0,none,none
PetarV-/DGI,213.0,47.0,24.0,none,none
KDD-OpenSource/DeepADoTS,213.0,39.0,24.0,ntensorflow==1.13.0rc1,ntorchvision
dyhan0920/PyramidNet-PyTorch,212.0,27.0,36.0,none,none
songdejia/DFL-CNN,212.0,54.0,24.0,none,none
shaoxiongji/federated-learning,212.0,75.0,24.0,none,ntorchvision==0.2.1
ghliu/pytorch-ddpg,212.0,72.0,36.0,none,none
FrancescoSaverioZuppichini/mirror,211.0,19.0,24.0,none,ntorch==0.4.1
dylandjian/SuperGo,211.0,44.0,24.0,none,none
scoutbee/pytorch-nlp-notebooks,212.0,67.0,12.0,none,ntorch
cydonia999/VGGFace2-pytorch,210.0,50.0,24.0,none,none
MTlab/onnx2caffe,210.0,65.0,24.0,none,none
lukasruff/Deep-SVDD-PyTorch,210.0,61.0,24.0,none,ntorchvision==0.2.1
ahmetgunduz/Real-time-GesRec,210.0,76.0,12.0,none,none
imatge-upc/retrieval-2017-cam,209.0,56.0,48.0,none,none
yiranran/APDrawingGAN,209.0,53.0,12.0,none,ntorchvision>=0.2.1
sniklaus/pytorch-liteflownet,209.0,44.0,12.0,none,ntorch>=1.3.0'
DiffEqML/torchdyn,209.0,13.0,0.0,none,npytorch_lightning
kaituoxu/Conv-TasNet,208.0,73.0,24.0,none,none
iArunava/ENet-Real-Time-Semantic-Segmentation,208.0,56.0,12.0,none,none
r9y9/tacotron_pytorch,207.0,59.0,36.0,none,none
jaxony/unet-pytorch,208.0,57.0,36.0,none,none
DavideA/c3d-pytorch,207.0,63.0,36.0,none,none
dmarnerides/pydlt,207.0,16.0,24.0,none,none
Sierkinhane/mtcnn-pytorch,207.0,86.0,24.0,none,none
goodrahstar/my-awesome-AI-bookmarks,207.0,61.0,24.0,none,none
chenjun2hao/Attention_ocr.pytorch,207.0,66.0,24.0,none,ntorchvision==0.2.1
ShusenTang/Deep-Learning-with-PyTorch-Chinese,206.0,66.0,12.0,none,none
pudae/kaggle-hpa,206.0,68.0,12.0,none,ntorchvision==0.2.1
Nealcly/BiLSTM-LAN,206.0,41.0,12.0,none,none
philipperemy/n-beats,207.0,55.0,12.0,none,none
werner-duvaud/muzero-general,205.0,54.0,12.0,none,ntorch
MG2033/MobileNet-V2,204.0,42.0,24.0,none,none
dgriff777/a3c_continuous,204.0,55.0,36.0,none,none
bailvwangzi/repulsion_loss_ssd,204.0,62.0,24.0,none,none
vadimkantorov/caffemodel2pytorch,204.0,43.0,24.0,none,none
benedekrozemberczki/GAM,204.0,44.0,24.0,none,none
saic-vul/fbrs_interactive_segmentation,204.0,27.0,0.0,none,ntorchvision>=0.5.0
asappresearch/flambe,204.0,28.0,12.0,none,ntorch~=1.3.0
Ha0Tang/AttentionGAN,204.0,29.0,12.0,none,ntorchvision>=0.2.1
gabrielilharco/snap-n-eat,205.0,60.0,36.0,none,none
mit-han-lab/torchprofile,205.0,13.0,12.0,none,none
coderSkyChen/Action_Recognition_Zoo,204.0,33.0,24.0,none,none
gitabcworld/FewShotLearning,203.0,43.0,36.0,none,none
tamakoji/pytorch-syncbn,202.0,18.0,24.0,none,none
domainadaptation/salad,203.0,30.0,24.0,none,ntorchvision
xiaomi-automl/MoGA,201.0,32.0,12.0,none,none
coetaur0/ESIM,200.0,70.0,24.0,none,none
dgkim5360/the-elements-of-statistical-learning-notebooks,200.0,99.0,36.0,none,none
lab-ml/labml,200.0,17.0,24.0,none,ntorchvision
sgrvinod/a-PyTorch-Tutorial-to-Sequence-Labeling,200.0,59.0,24.0,none,none
ansleliu/LightNetPlusPlus,200.0,47.0,12.0,none,ntorchvision
timy90022/One-Shot-Object-Detection,199.0,33.0,12.0,none,none
Jia-Research-Lab/Facelet_Bank,198.0,47.0,24.0,none,none
leaderj1001/MobileNetV3-Pytorch,198.0,50.0,12.0,none,none
MightyChaos/LKVOLearner,197.0,34.0,24.0,none,none
damitkwr/ESRNN-GPU,197.0,54.0,24.0,none,none
last-one/Pytorch_Realtime_Multi-Person_Pose_Estimation,196.0,62.0,36.0,none,none
gzuidhof/nn-transfer,195.0,35.0,36.0,none,none
tcapelle/timeseries_fastai,195.0,15.0,12.0,none,none
lonePatient/BERT-NER-Pytorch,195.0,46.0,12.0,none,none
ZhouYanzhao/ORN,194.0,46.0,36.0,none,none
Yangyangii/GAN-Tutorial,194.0,53.0,24.0,none,none
zkywsg/Daily-DeepLearning,194.0,65.0,12.0,none,none
xiumingzhang/GenRe-ShapeHD,194.0,39.0,24.0,  - tensorflow=1.5.1,  - torchvision=0.2.1
yqyao/FCOS_PLUS,193.0,33.0,12.0,none,none
hpzhao/SummaRuNNer,192.0,76.0,36.0,none,none
jiwoon-ahn/psa,192.0,37.0,24.0,none,none
ajbrock/FreezeOut,192.0,26.0,36.0,none,none
RoyalVane/MMAN,192.0,34.0,24.0,none,none
ethanluoyc/pytorch-vae,191.0,68.0,36.0,none,none
truskovskiyk/nima.pytorch,191.0,50.0,24.0,none,ntorchvision==0.3.0
cmsflash/beauty-net,191.0,8.0,24.0,none,none
ritchieng/deep-learning-wizard,191.0,87.0,24.0,none,none
MIC-DKFZ/trixi,191.0,15.0,24.0,none,none
airlab-unibas/airlab,191.0,38.0,24.0,none,none
pranz24/pytorch-soft-actor-critic,190.0,46.0,24.0,none,none
wvangansbeke/Sparse-Depth-Completion,190.0,31.0,12.0,none,none
lizhengwei1992/Fast_Portrait_Segmentation,190.0,51.0,24.0,none,none
foolwood/deepmask-pytorch,190.0,44.0,24.0,none,ntorchvision=0.2.1
matthew-z/R-net,189.0,46.0,36.0,none,ntorch>=1.0.0'
foolwood/DCFNet_pytorch,189.0,55.0,24.0,none,none
santi-pdp/segan_pytorch,188.0,61.0,24.0,none,ntorchvision==0.2.1
bobo0810/PytorchNetHub,189.0,70.0,24.0,none,none
aimagelab/show-control-and-tell,188.0,47.0,12.0,none,none
thtang/CheXNet-with-localization,188.0,79.0,24.0,none,none
FriedRonaldo/SinGAN,188.0,26.0,12.0,none,none
shepnerd/inpainting_gmcnn,188.0,35.0,24.0,none,none
mimoralea/gdrl,187.0,48.0,24.0,none,none
benedekrozemberczki/APPNP,186.0,35.0,12.0,none,none
chingyaoc/pytorch-REINFORCE,185.0,35.0,36.0,none,none
BayesWatch/sequential-imagenet-dataloader,185.0,17.0,36.0,none,none
HypoX64/DeepMosaics,185.0,57.0,12.0,none,none
naver/claf,185.0,26.0,12.0,none,npytorch-transformers==1.1.0
pangwong/pytorch-multi-label-classifier,184.0,46.0,24.0,none,none
bamtercelboo/pytorch_NER_BiLSTM_CNN_CRF,184.0,55.0,24.0,none,none
momohuang/FlowQA,185.0,49.0,24.0,none,ntorch
PengBoXiangShang/multigraph_transformer,184.0,18.0,12.0,none,none
stefanopini/simple-HRNet,184.0,39.0,12.0,none,ntorchvision>=0.5.0
denisyarats/drq,183.0,11.0,0.0,none,none
art-programmer/FloorplanTransformation,183.0,86.0,36.0,none,none
basketballandlearn/Dureader-Bert,183.0,52.0,12.0,none,none
chrischoy/FCGF,183.0,30.0,12.0,"n# to visualize it, you need tensorflow, but it doesn't have to be in the same virual environment :)","n# pytorch  # for anaconda, please refer to pytorch.org for installation"
mks0601/3DMPPE_ROOTNET_RELEASE,183.0,23.0,12.0,none,none
yanwii/seq2seq,182.0,79.0,36.0,none,none
godisboy/SN-GAN,182.0,33.0,36.0,none,none
nadavbh12/VQ-VAE,182.0,42.0,36.0,none,ntorchvision
davidtvs/PyTorch-ENet,183.0,56.0,24.0,none,ntorchvision==0.2.1
lemonhu/NER-BERT-pytorch,182.0,44.0,12.0,ntensorflow >= 1.11.0,"n# A tool for easy mixed precision and distributed training in Pytorch, https://github.com/NVIDIA/apex"
ChenglongChen/pytorch-MADRL,181.0,41.0,36.0,none,none
kevinzakka/NALU-pytorch,181.0,22.0,24.0,none,none
twtygqyy/pytorch-LapSRN,182.0,61.0,36.0,none,none
reinforcement-learning-kr/lets-do-irl,181.0,37.0,24.0,none,none
leviswind/pytorch-transformer,180.0,47.0,24.0,none,ntensorboard-pytorch(https://github.com/lanpa/tensorboard-pytorch) (build from source)'
Novetta/adaptnlp,180.0,11.0,0.0,none,ntorch==1.4.0
sirius-ai/LPRNet_Pytorch,180.0,57.0,12.0,none,none
vahidk/tfrecord,180.0,21.0,12.0,none,none
xptree/DeepInf,179.0,57.0,24.0,none,none
leaderj1001/Stand-Alone-Self-Attention,180.0,29.0,12.0,none,none
PaddlePaddle/X2Paddle,179.0,50.0,12.0,none,none
LiMeng95/MultiPoseNet.pytorch,178.0,29.0,24.0,none,none
HelloRicky123/Siamese-RPN,178.0,42.0,12.0,none,none
dontLoveBugs/DORN_pytorch,178.0,53.0,24.0,none,none
raymon-tian/hourglass-facekeypoints-detection,178.0,52.0,36.0,none,none
vita-epfl/monoloco,178.0,30.0,12.0,none,none
zalandoresearch/pytorch-dilated-rnn,177.0,28.0,24.0,none,b'torch>=1.0.0
nashory/DeLF-pytorch,177.0,42.0,12.0,none,none
hirofumi0810/neural_sp,177.0,40.0,36.0,none,none
yuanli2333/Teacher-free-Knowledge-Distillation,177.0,18.0,12.0,ntensorflow>=1.10.0,ntorchvision==0.4.0a0+9232c4a
Seanny123/da-rnn,177.0,73.0,24.0,none,none
devendrachaplot/Neural-Localization,176.0,29.0,24.0,none,none
andreamad8/Universal-Transformer-Pytorch,177.0,24.0,24.0,none,none
hyperdashio/hyperdash-sdk-py,176.0,23.0,36.0,none,none
catalyst-team/mlcomp,176.0,22.0,12.0,none,ntorch>=1.0.0
salesforce/glad,176.0,44.0,24.0,none,nhttp://download.pytorch.org/whl/cu90/torch-0.4.0-cp36-cp36m-linux_x86_64.whl 
hassony2/manopth,176.0,29.0,12.0,none,  - pytorch
sagiebenaim/DistanceGAN,175.0,41.0,36.0,none,none
schelotto/Wasserstein-AutoEncoders,175.0,24.0,24.0,none,none
ClementPinard/Pytorch-Correlation-extension,175.0,27.0,24.0,none,b'torch>=1.0.1
WenlongZhang0724/RankSRGAN,175.0,44.0,12.0,none,none
cmhungsteve/TA3N,175.0,26.0,12.0,ntensorflow-tensorboard==0.4.0,ntorchvision==0.2.1
wutianyiRosun/CGNet,174.0,40.0,24.0,none,none
weigq/3d_pose_baseline_pytorch,174.0,31.0,24.0,none,none
belskikh/kekas,174.0,20.0,24.0,none,none
soobinseo/Tacotron-pytorch,173.0,34.0,36.0,none,none
greydanus/hamiltonian-nn,173.0,44.0,12.0,none,none
ProGamerGov/neural-style-pt,172.0,39.0,24.0,none,none
kkanshul/finegan,172.0,29.0,24.0,none,none
gsig/charades-algorithms,171.0,55.0,36.0,none,none
j-min/Adversarial_Video_Summary,171.0,43.0,36.0,none,none
tomrunia/PyTorchWavelets,171.0,24.0,24.0,none,ntorch >= 0.4.0
prigoyal/pytorch_memonger,171.0,16.0,36.0,none,none
sshuair/torchsat,171.0,32.0,36.0,none,ntorchvision>=0.2.0
lRomul/argus-freesound,171.0,37.0,12.0,none,none
youngwanLEE/vovnet-detectron2,172.0,26.0,0.0,none,none
Tramac/Fast-SCNN-pytorch,172.0,51.0,12.0,none,none
zsef123/PointRend-PyTorch,171.0,33.0,0.0,none,none
ChunhuanLin/deform_conv_pytorch,171.0,32.0,24.0,none,none
nschaetti/EchoTorch,170.0,51.0,36.0,none,ntorchvision==0.4.1'
lmnt-com/haste,170.0,7.0,0.0,none,none
guillitte/pytorch-sentiment-neuron,170.0,43.0,36.0,none,none
jinfagang/faceswap_pytorch,170.0,61.0,12.0,none,none
Daniil-Osokin/lightweight-human-pose-estimation-3d-demo.pytorch,170.0,32.0,12.0,none,b'torch>=1.0
sinAshish/Multi-Scale-Attention,169.0,38.0,12.0,none,none
ofnote/tsalib,170.0,9.0,24.0,none,none
ihciah/deep-fashion-retrieval,168.0,44.0,36.0,none,none
iMoonLab/MeshNet,168.0,32.0,24.0,none,none
zake7749/DeepToxic,168.0,72.0,24.0,none,none
zhou13/lcnn,168.0,30.0,12.0,none,none
ahmedbesbes/character-based-cnn,168.0,32.0,12.0,none,none
ducha-aiki/affnet,167.0,36.0,36.0,none,none
ahirner/pytorch-retraining,167.0,38.0,36.0,none,none
szymonmaszke/torchfunc,167.0,7.0,12.0,none,none
jacobgil/pytorch-zssr,166.0,34.0,24.0,none,none
MrGemy95/visual-interaction-networks-pytorch,166.0,22.0,36.0,none,none
uvipen/Hierarchical-attention-networks-pytorch,166.0,50.0,12.0,none,none
blue-season/pywarm,166.0,11.0,12.0,none,none
deeplearningturkiye/pratik-derin-ogrenme-uygulamalari,165.0,101.0,36.0,none,none
rohithreddy024/Text-Summarizer-Pytorch,165.0,36.0,24.0,none,none
chenxi116/DeepLabv3.pytorch,165.0,31.0,24.0,none,none
dongminlee94/deep_rl,165.0,24.0,12.0,none,none
Js-Mim/mss_pytorch,164.0,35.0,36.0,none,none
s3nh/text-detector,163.0,35.0,12.0,none,nhttps://download.pytorch.org/whl/cpu/torch-1.0.1.post2-cp37-cp37m-linux_x86_64.whl
dfdazac/wassdistance,165.0,21.0,12.0,none,  - torchvision-cpu=0.2.1=py_2
Wizaron/pytorch-cpp-inference,162.0,19.0,24.0,none,none
iMoonLab/HGNN,162.0,46.0,24.0,none,none
hrnbot/Basic-Mathematics-for-Machine-Learning,162.0,64.0,24.0,none,none
Stonesjtu/Pytorch-NCE,161.0,25.0,36.0,none,none
StrangerZhang/SiamFC-PyTorch,161.0,49.0,24.0,none,none
uber-research/DeepPruner,161.0,19.0,12.0,none,none
kamalkraj/BERT-SQuAD,161.0,57.0,12.0,none,b'pytorch-transformers==1.0.0
markdtw/vqa-winner-cvprw-2017,160.0,35.0,36.0,none,none
sniklaus/pytorch-spynet,160.0,35.0,36.0,none,ntorch>=1.3.0'
shahsohil/DCC,160.0,38.0,24.0,none,none
eth-sri/diffai,160.0,16.0,24.0,none,ntorchvision==0.2.1
lawlietAi/pytorch-acnn-model,159.0,32.0,36.0,none,none
jfzhang95/DeepGrabCut-PyTorch,159.0,48.0,24.0,none,none
thuyngch/Human-Segmentation-PyTorch,160.0,38.0,12.0,ntensorflow-estimator==1.13.0,ntorchvision==0.4.0
delijati/pytorch-siamese,158.0,47.0,36.0,none,none
lipiji/neural-summ-cnndm-pytorch,158.0,31.0,24.0,none,none
keitakurita/practical-torchtext,158.0,45.0,24.0,none,none
jvanvugt/pytorch-unet,157.0,56.0,24.0,none,none
timbmg/VAE-CVAE-MNIST,158.0,43.0,24.0,none,ntorchvision==0.2.1
cedrickchee/capsule-net-pytorch,156.0,48.0,36.0,ntensorflow,ntorchvision
thnkim/OpenFacePytorch,156.0,29.0,36.0,none,none
benedekrozemberczki/SGCN,156.0,35.0,24.0,none,none
leeesangwon/PyTorch-Image-Retrieval,156.0,37.0,12.0,none,none
hkchengrex/CascadePSP,156.0,14.0,0.0,none,none
WenmuZhou/DBNet.pytorch,156.0,39.0,12.0,none,  - torchvision
sniklaus/pytorch-hed,155.0,38.0,24.0,none,ntorch>=1.3.0'
spytensor/detect_steel_bar,155.0,54.0,12.0,none,none
zalandoresearch/pytorch-vq-vae,153.0,34.0,24.0,none,ntorchvision
sgrvinod/a-PyTorch-Tutorial-to-Text-Classification,154.0,42.0,24.0,none,none
deeplearningzerotoall/PyTorch,154.0,434.0,24.0,none,none
MichiganCOG/ViP,154.0,25.0,12.0,none,ntorchtext==0.2.1
benedekrozemberczki/Splitter,154.0,33.0,12.0,none,none
PacktPublishing/Hands-On-Intelligent-Agents-with-OpenAI-Gym,153.0,73.0,24.0,none,none
easezyc/deep-transfer-learning,153.0,33.0,24.0,none,none
wkcn/MobulaOP,153.0,19.0,24.0,none,none
salesforce/MultiHopKG,153.0,43.0,24.0,none,none
yueruchen/sppnet-pytorch,153.0,83.0,36.0,none,none
Luvata/CS224N-2019,153.0,54.0,12.0,none,none
DingKe/pytorch_workplace,152.0,52.0,36.0,none,none
napsternxg/pytorch-practice,152.0,47.0,36.0,none,none
Natsu6767/InfoGAN-PyTorch,152.0,38.0,12.0,none,none
kakaobrain/autoclint,152.0,25.0,12.0,none,none
vaesl/LRF-Net,153.0,20.0,12.0,none,none
