Name,Stars,Forks,Months,TF_version,Torch_version,Np_version
jakevdp/PythonDataScienceHandbook,23898.0,10323.0,48.0,none,none,numpy==1.11.1
donnemartin/data-science-ipython-notebooks,18578.0,5751.0,60.0,none,none,none
numpy/numpy,13929.0,4591.0,120.0,none,none,none
kailashahirwar/cheatsheets-ai,13325.0,3227.0,36.0,none,none,none
MorvanZhou/tutorials,8116.0,4878.0,48.0,none,none,none
Yorko/mlcourse.ai,6935.0,4588.0,36.0,none,none,none
dask/dask,6788.0,1087.0,60.0,none,none,none
bbfamily/abu,6380.0,2391.0,48.0,none,none,none
lanpa/tensorboardX,6345.0,708.0,36.0,none,none,none
lijin-THU/notes-python,5590.0,2737.0,60.0,none,none,none
chainer/chainer,5392.0,1365.0,60.0,none,none,none
numba/numba,5328.0,657.0,96.0,none,none,nnumpy>=1.10
rougier/numpy-100,5303.0,2680.0,72.0,none,none,numpy==1.17.4
google/trax,4397.0,331.0,12.0,none,none,none
cupy/cupy,4171.0,377.0,48.0,none,none,none
biolab/orange3,2287.0,631.0,84.0,none,none,none
iamseancheney/python_for_data_analysis_2nd_chinese_version,2274.0,1076.0,24.0,none,none,none
xtensor-stack/xtensor,1881.0,246.0,48.0,none,none,none
mars-project/mars,1785.0,199.0,24.0,none,none,"b""numpy>=1.14.0"
pydata/xarray,1666.0,550.0,84.0,none,none,nnumpy >= 1.15
yoyoyo-yo/Gasyori100knock,1659.0,923.0,24.0,none,none,none
juliangaal/python-cheat-sheet,1648.0,202.0,36.0,none,none,nnumpy==1.12.1
tangyudi/Ai-Learn,1601.0,456.0,0.0,none,none,none
Kyubyong/numpy_exercises,1423.0,459.0,48.0,none,none,none
rougier/from-python-to-numpy,1390.0,254.0,48.0,none,none,none
quantopian/alphalens,1334.0,441.0,48.0,none,none,none
bangoc123/learn-machine-learning-in-two-months,1310.0,394.0,24.0,none,none,none
tirthajyoti/Machine-Learning-with-Python,1299.0,856.0,36.0,none,none,none
teadocs/numpy-cn,1225.0,285.0,24.0,none,none,none
changwookjun/StudyBook,1185.0,739.0,24.0,none,none,none
bukosabino/ta,1149.0,323.0,24.0,none,none,none
dpilger26/NumCpp,1055.0,173.0,24.0,none,none,none
ajcr/100-pandas-puzzles,1053.0,1076.0,60.0,none,none,nnumpy>=1.17.0
ijl/orjson,986.0,33.0,24.0,none,none,none
huggingface/nlp,991.0,72.0,0.0,none,none,none
ryfeus/lambda-packs,926.0,182.0,48.0,none,none,none
edyoda/data-science-complete-tutorial,882.0,333.0,24.0,none,none,none
carefree0910/MachineLearning,834.0,630.0,48.0,ntensorflow_gpu == 1.4.0,ntorch == 0.2.1+a4fc05a,nnumpy == 1.13.3
arogozhnikov/einops,832.0,26.0,24.0,none,none,none
JuliaPy/PyCall.jl,823.0,143.0,84.0,none,none,none
codebasics/py,824.0,4033.0,60.0,none,none,none
glumpy/glumpy,780.0,134.0,72.0,none,none,none
SkalskiP/ILearnDeepLearning.py,777.0,288.0,24.0,ntensorflow==1.15.2,none,nnumpy==1.14.5
itamarst/eliot,749.0,49.0,72.0,none,none,none
ITCoders/Human-detection-and-Tracking,719.0,277.0,48.0,none,none,none
SciSharp/NumSharp,707.0,128.0,24.0,none,none,none
alyssaq/face_morpher,666.0,183.0,60.0,none,none,none
apachecn/pyda-2e-zh,654.0,246.0,24.0,none,none,none
luispedro/mahotas,623.0,121.0,120.0,none,none,none
rohitrango/automatic-watermark-detection,617.0,261.0,36.0,none,none,none
A3M4/YouTube-Report,612.0,54.0,12.0,none,none,none
pykaldi/pykaldi,602.0,174.0,36.0,none,none,none
CPJKU/madmom,590.0,103.0,60.0,none,none,numpy>=1.13.4
IntelPython/sdc,587.0,58.0,36.0,none,none,numpy>=1.16
pyro-ppl/numpyro,569.0,41.0,12.0,none,none,none
jermwatt/machine_learning_refined,564.0,233.0,48.0,none,none,none
napari/napari,563.0,109.0,24.0,none,none,none
PhantomInsights/baby-names-analysis,555.0,69.0,12.0,none,none,none
pptacher/probabilistic_robotics,543.0,221.0,24.0,none,none,none
emadboctorx/yolov3-keras-tf2,536.0,90.0,0.0,ntensorflow-addons==0.10.0',none,nnumpy==1.18.2
Kyubyong/tensorflow-exercises,533.0,181.0,48.0,none,none,none
pydata/bottleneck,512.0,60.0,120.0,none,none,none
dadadel/pyment,480.0,42.0,72.0,none,none,none
wkentaro/pytorch-for-numpy-users,466.0,57.0,36.0,none,none,none
PhantomInsights/mexican-government-report,444.0,62.0,12.0,none,none,none
firmai/pandapy,404.0,27.0,0.0,none,none,none
gboeing/pynamical,398.0,78.0,72.0,none,none,nnumpy>=1.15
Andrewnetwork/WorkshopScipy,394.0,44.0,36.0,none,none,none
blue-yonder/turbodbc,393.0,51.0,48.0,none,none,none
ahmedfgad/NumPyCNN,371.0,163.0,24.0,none,none,none
thombashi/pytablewriter,370.0,30.0,48.0,none,none,none
versilov/matrex,365.0,23.0,24.0,none,none,none
Tixierae/deep_learning_NLP,359.0,98.0,36.0,none,none,none
SALib/SALib,352.0,124.0,84.0,none,none,numpy>=1.9.0
ruddra/docker-django,324.0,99.0,48.0,none,none,none
PyO3/rust-numpy,317.0,37.0,36.0,none,none,none
shreyans29/thesemicolon,316.0,365.0,36.0,none,none,none
moble/quaternion,311.0,52.0,72.0,none,none,numpy>=1.13
kymatio/kymatio,304.0,58.0,24.0,none,none,none
rougier/numpy-tutorial,304.0,109.0,60.0,none,none,none
pydata/sparse,300.0,60.0,36.0,none,none,none
trekhleb/machine-learning-experiments,295.0,50.0,12.0,ntensorflow-metadata==0.21.1,none,nnumpy==1.17.4
bat67/pytorch-tutorials-examples-and-books,288.0,123.0,24.0,none,none,none
capitanov/dsp-theory,284.0,55.0,12.0,none,none,numpy==1.17.3
scikit-hep/uproot,280.0,58.0,36.0,none,none,numpy>=1.13.1
amarlearning/Finger-Detection-and-Tracking,267.0,120.0,24.0,none,none,none
WoLpH/numpy-stl,266.0,63.0,72.0,none,none,none
dranjan/python-plyfile,257.0,53.0,72.0,none,none,none
alpacahq/example-hftish,255.0,96.0,12.0,none,none,none
adamlwgriffiths/Pyrr,252.0,39.0,96.0,none,none,none
yizt/numpy_neural_network,250.0,67.0,24.0,none,none,none
bamos/block,248.0,25.0,36.0,none,none,none
opendatacube/datacube-core,236.0,111.0,60.0,none,none,none
vrasneur/pyfasttext,230.0,31.0,36.0,none,none,none
tirthajyoti/Stats-Maths-with-Python,218.0,131.0,36.0,none,none,none
leandromineti/ml-feynman-experience,212.0,12.0,24.0,none,none,none
ahmedbesbes/Neural-Network-from-scratch,211.0,46.0,24.0,none,none,none
tdegeus/pybind11_examples,208.0,32.0,36.0,none,none,none
sergree/matchering,208.0,35.0,24.0,none,none,numpy>=1.17.0
jayboxyz/deeplearning_cv_notes,202.0,79.0,24.0,none,none,none
bh107/bohrium,197.0,33.0,60.0,none,none,none
ahmedfgad/GeneticAlgorithmPython,195.0,125.0,24.0,none,none,none
lb2281075105/Python-WeChat-ItChat,193.0,82.0,24.0,none,none,none
ritchieng/deep-learning-wizard,194.0,89.0,24.0,none,none,none
mimoralea/gdrl,190.0,50.0,24.0,none,none,none
rootpy/rootpy,185.0,70.0,96.0,none,none,none
kakul/Alyn,177.0,68.0,48.0,none,none,none
scikit-hep/awkward-array,175.0,33.0,24.0,none,none,numpy>=1.13.1
wizardforcel/data-science-notebook,175.0,74.0,36.0,none,none,none
ofnote/tsalib,171.0,9.0,24.0,none,none,none
swcarpentry/python-novice-inflammation,169.0,578.0,72.0,none,none,none
42-AI/bootcamp_python,169.0,42.0,12.0,none,none,none
pytroll/pyresample,164.0,67.0,72.0,none,none,none
fwilliams/point-cloud-utils,164.0,18.0,24.0,none,none,none
stestagg/pytubes,161.0,14.0,24.0,none,none,none
nigma/pywt,159.0,74.0,120.0,none,none,none
alyssaq/3Dreconstruction,159.0,61.0,36.0,none,none,none
python-windrose/windrose,155.0,77.0,60.0,none,none,none
zhuzilin/NP_ML,155.0,53.0,24.0,none,none,none
scikit-signal/tftb,155.0,43.0,72.0,none,none,none
fuatbeser/python-notlarim,154.0,34.0,24.0,none,none,none
wkcn/MobulaOP,152.0,19.0,24.0,none,none,none
khanhnamle1994/fashion-recommendation,149.0,54.0,12.0,none,none,none
InvestmentSystems/static-frame,147.0,18.0,24.0,none,none,nnumpy>=1.16.5
doodyparizada/word2vec-spam-filter,147.0,15.0,36.0,none,none,none
explosion/cython-blis,146.0,17.0,36.0,none,none,none
NLP-kr/tensorflow-ml-nlp,144.0,103.0,24.0,b'tensorflow>=1.10,none,none
alanmarazzi/panthera,143.0,10.0,12.0,none,none,none
kunalj101/Data-Science-Hacks,146.0,97.0,0.0,none,none,none
mantidproject/mantid,140.0,84.0,108.0,none,none,none
psi4/psi4numpy,139.0,94.0,72.0,none,none,none
corazzon/OpenDataWrangling,135.0,92.0,24.0,none,none,none
stb-tester/stb-tester,133.0,83.0,96.0,none,none,none
jasonleaster/FaceDetection,132.0,64.0,48.0,none,none,none
zziz/kalman-filter,131.0,42.0,24.0,none,none,none
Stewori/JyNI,128.0,14.0,84.0,none,none,none
pyro-ppl/funsor,127.0,10.0,12.0,none,none,none
qg0/cheatsheets.pdf,125.0,74.0,36.0,none,none,none
scikit-hep/root_numpy,125.0,52.0,96.0,none,none,none
prusa3d/PrusaControl,124.0,51.0,60.0,none,none,none
rasbt/One-Python-benchmark-per-day,124.0,30.0,72.0,none,none,none
team-ocean/veros,124.0,19.0,36.0,none,none,nnumpy==1.18.5
nicklashansen/rnn_lstm_from_scratch,125.0,28.0,12.0,none,none,none
junqiangchen/LiTS---Liver-Tumor-Segmentation-Challenge,123.0,40.0,24.0,none,none,none
lebedov/msgpack-numpy,123.0,22.0,84.0,none,none,numpy>=1.9.0
Wscats/python-tutorial,121.0,7.0,24.0,none,none,none
adamreeve/npTDMS,121.0,64.0,96.0,none,none,none
ank0409/Ditching-Excel-for-Python,121.0,65.0,12.0,none,none,none
ahmetozlu/color_recognition,121.0,63.0,24.0,none,none,none
mverleg/pyjson_tricks,120.0,16.0,60.0,none,none,none
fenglei110/Data-analysis,119.0,37.0,12.0,none,none,none
ADGEfficiency/teaching-monolith,118.0,21.0,12.0,none,none,none
ShuaiW/ml-cheatsheet,118.0,44.0,36.0,none,none,none
AstusRush/AMaDiA,122.0,4.0,12.0,none,none,  - numpydoc=0.9.1=py_0
apachecn/ds-ai-tech-notes,117.0,40.0,24.0,none,none,none
scikit-hep/pyhf,115.0,37.0,24.0,none,none,none
gammapy/gammapy,115.0,116.0,84.0,none,none,none
MorvanZhou/simple-neural-networks,114.0,26.0,24.0,none,none,none
Tanu-N-Prabhu/Python,115.0,127.0,12.0,none,none,none
botkop/numsca,113.0,9.0,36.0,none,none,none
mtrazzi/rl-book-challenge,111.0,18.0,0.0,none,none,none
gaborvecsei/Color-Tracker,111.0,18.0,36.0,none,none,none
albertaparicio/tfg-voice-conversion,110.0,32.0,48.0,none,none,none
cvut/MI-PYT,110.0,27.0,48.0,none,none,none
square/pysurvival,110.0,34.0,12.0,none,none,none
Rajat-dhyani/Stock-Price-Predictor,109.0,55.0,36.0,none,none,none
tomoncle/Python-notes,104.0,52.0,36.0,none,none,none
yati-sagade/opencv-ndarray-conversion,102.0,39.0,84.0,none,none,none
shoyer/numbagg,101.0,7.0,72.0,none,none,none
nnadeau/pybotics,101.0,22.0,48.0,none,none,numpy>=1.9.0
caesar0301/graphsim,101.0,21.0,60.0,none,none,none
cjekel/piecewise_linear_fit_py,101.0,29.0,36.0,none,none,none
phelps-sg/python-bigdata,100.0,131.0,48.0,none,none,none
ylikx/forpy,99.0,22.0,24.0,none,none,none
bat67/Deep-Learning-with-PyTorch-A-60-Minute-Blitz-cn,98.0,28.0,12.0,none,none,none
v923z/micropython-ulab,97.0,19.0,12.0,none,none,none
rougier/tiny-renderer,96.0,7.0,12.0,none,none,none
Blosc/bloscpack,95.0,21.0,96.0,none,none,none
pierreablin/autoptim,92.0,7.0,12.0,none,none,none
fehiepsi/rethinking-numpyro,90.0,11.0,12.0,none,none,none
stormdony/python_demo,89.0,64.0,24.0,none,none,none
KananVyas/BoxDetection,88.0,41.0,24.0,none,none,none
AlexIoannides/pymc-example-project,87.0,15.0,24.0,none,none,none
PerpetualSmile/BeautyCamera,87.0,43.0,36.0,none,none,none
karolzak/support-tickets-classification,86.0,53.0,24.0,none,none,nnumpy==1.13.3
mitmul/pynvvl,85.0,14.0,24.0,none,none,none
codingforentrepreneurs/Web-Scraping,82.0,44.0,24.0,none,none,none
petronetto/docker-python-deep-learning,81.0,31.0,24.0,none,none,none
sspipe/sspipe,80.0,4.0,24.0,none,none,none
matazure/mtensor,79.0,26.0,36.0,none,none,none
venky14/Stock-Market-Analysis-and-Prediction,77.0,61.0,36.0,none,none,nnumpy==1.10.4
ramonhagenaars/nptyping,75.0,8.0,12.0,none,none,none
jalajthanaki/credit-risk-modelling,74.0,89.0,36.0,none,none,none
Docker-Hub-frolvlad/docker-alpine-python-machinelearning,73.0,22.0,48.0,none,none,none
apachecn/numpy-doc-zh,72.0,40.0,36.0,none,none,none
fish2000/instakit,72.0,5.0,96.0,none,none,none
cedrickchee/data-science-notebooks,72.0,23.0,24.0,none,none,none
clarkerubber/irwin,72.0,14.0,36.0,none,none,none
TrainingByPackt/Data-Science-for-Marketing-Analytics,71.0,50.0,24.0,none,none,none
rsokl/MyGrad,69.0,16.0,36.0,none,none,none
mhe/pynrrd,69.0,36.0,120.0,none,none,numpy>=1.11.1
Olow304/Data-Analysis-Science,68.0,34.0,36.0,none,none,none
ssanderson/foundations-of-numerical-computing,68.0,27.0,24.0,none,none,  - numpy=1.14.3=py36_blas_openblas_200
xtensor-stack/xtensor-r,67.0,12.0,36.0,none,none,none
edmBernard/pybind11_opencv_numpy,66.0,26.0,48.0,none,none,none
numba/numba-scipy,65.0,11.0,12.0,none,none,none
pilcru/ghpythonremote,64.0,24.0,36.0,none,none,none
thinking-tower/Fourier-and-Images,61.0,2.0,24.0,none,none,none
Zuzu-Typ/PyGLM,61.0,10.0,36.0,none,none,none
clair513/Seaborn-Tutorial,61.0,42.0,24.0,none,none,none
moble/jupyter_boilerplate,60.0,10.0,60.0,none,none,none
aryaminus/memento,59.0,3.0,24.0,none,none,numpy==1.13.1
YeongHyeon/R-CNN_LIGHT,57.0,19.0,36.0,none,none,none
fotisk07/Image-Classifier,56.0,41.0,24.0,none,none,none
DragonFive/python_cv_AI_ML,56.0,41.0,60.0,none,none,none
davidawad/Lane-Detection,56.0,38.0,48.0,none,none,none
jan-mue/geometer,55.0,4.0,24.0,none,none,none
snrazavi/Machine-Learning-in-Python-Workshop,55.0,27.0,36.0,none,none,none
ahmedfgad/NumPyANN,54.0,35.0,12.0,none,none,none
seung-lab/connected-components-3d,54.0,6.0,24.0,none,none,none
rickwierenga/MLFundamentals,54.0,6.0,0.0,none,none,none
narimiran/double_pendulum,54.0,7.0,24.0,none,none,none
Nikhil22/netflix-style-recommender,53.0,37.0,60.0,none,none,none
milcent/benford_py,53.0,23.0,60.0,none,none,none
nachiket273/One_Cycle_Policy,52.0,9.0,24.0,none,none,none
Muges/audiotsm,52.0,11.0,36.0,none,none,none
TileDB-Inc/TileDB-Py,51.0,10.0,36.0,none,none,nnumpy==1.16.* ; python_version < '3.6'
xtensor-stack/xtensor-io,49.0,16.0,36.0,none,none,none
Eyyub/numpy-convnet,49.0,13.0,36.0,none,none,none
seung-lab/cloud-volume,49.0,21.0,36.0,none,none,nnumpy>=1.13.3
nschloe/accupy,49.0,4.0,24.0,none,none,none
xcfem/xc,49.0,17.0,60.0,none,none,none
bashtage/randomgen,47.0,16.0,24.0,none,none,numpy>=1.14
QQuick/Numscrypt,47.0,4.0,48.0,none,none,none
WymanLyu/WYNullView,47.0,7.0,36.0,none,none,none
innolitics/dicom-numpy,47.0,8.0,36.0,none,none,none
stack-of-tasks/eigenpy,47.0,21.0,72.0,none,none,none
rshrc/gait-recognition,46.0,22.0,24.0,none,none,none
nursnaaz/25DaysInMachineLearning,46.0,46.0,12.0,none,none,none
dnlcrl/deep-residual-networks-pyfunt,45.0,10.0,48.0,none,none,numpy >= 1.7.1
kaleidicassociates/lubeck,44.0,7.0,36.0,none,none,none
jonasrauber/eagerpy,45.0,4.0,12.0,ntensorflow==2.1.0,ntorch==1.4.0,none
fluiddyn/transonic,46.0,1.0,12.0,none,none,  - numpy
scikit-hep/awkward-1.0,44.0,12.0,12.0,none,none,numpy>=1.13.1
MGHComputationalPathology/dicomweb-client,44.0,14.0,24.0,none,none,none
cmpute/pcl.py,42.0,11.0,36.0,none,none,none
hwalsuklee/numpy-neuralnet-exercise,42.0,13.0,36.0,none,none,none
seung-lab/euclidean-distance-transform-3d,42.0,11.0,24.0,none,none,none
NCAR/ncar-python-tutorial,42.0,25.0,12.0,none,none,none
abulbasar/machine-learning,42.0,80.0,36.0,none,none,none
williamscott701/Information-Retrieval,43.0,65.0,12.0,none,none,none
bpesquet/machine-learning-katas,42.0,12.0,24.0,none,none,none
soumyadip007/Data-Science-Using-Python-University-Course-Module,41.0,45.0,0.0,none,none,none
hsjeong5/MNIST-for-Numpy,40.0,12.0,36.0,none,none,none
aghbit/BIT_AI,40.0,21.0,48.0,none,none,nnumpy==1.14.3
andyesfly/dipiper,40.0,10.0,12.0,none,none,none
lace/vg,39.0,4.0,24.0,none,none,none
oroszgy/ScriptingLanguagesCourseMaterials,39.0,10.0,48.0,none,none,none
podgorskiy/DareBlopy,40.0,1.0,12.0,none,none,none
kmhmubin/Face-Recognition-Attendance-System,38.0,30.0,12.0,none,none,none
jdmaturen/shifted_beta_geometric_py,38.0,11.0,84.0,none,none,none
rsokl/Learning_Python,39.0,16.0,36.0,none,none,none
hesussavas/corners_stats,37.0,2.0,36.0,none,none,none
crcollins/molml,37.0,14.0,48.0,none,none,numpy>=1.9.1
jostbr/shallow-water,37.0,10.0,36.0,none,none,none
puzzlelib/PuzzleLib,36.0,7.0,0.0,none,none,none
xkumiyu/numpy-data-augmentation,35.0,13.0,36.0,none,none,none
pvigier/perlin-numpy,35.0,9.0,24.0,none,none,none
bat67/pytorch-examples-cn,35.0,9.0,24.0,none,none,none
sebgao/cTensor,35.0,7.0,24.0,none,none,none
xtensor-stack/xtensor-fftw,35.0,12.0,36.0,none,none,none
innolitics/natural-neighbor-interpolation,35.0,6.0,36.0,none,none,none
agoose77/numpy-html,35.0,0.0,24.0,none,none,none
SunPower/PVMismatch,35.0,21.0,84.0,none,none,nnumpy>=1.14.5
Bjarten/alvito,35.0,6.0,12.0,none,none,none
fotisk07/Fourier-Transform,35.0,5.0,24.0,none,none,none
koldLight/curso-python-analisis-datos,34.0,16.0,0.0,none,none,none
eric-wieser/numpy_ringbuffer,34.0,8.0,48.0,none,none,none
jaybosamiya/fuzzing-numpy,34.0,5.0,36.0,none,none,none
martinpella/logistic-reg,34.0,53.0,24.0,none,none,none
TrainingByPackt/Data-Science-Projects-with-Python,34.0,36.0,24.0,none,none,none
mlagunas/pytorch-nptransforms,34.0,5.0,36.0,none,none,none
TheGlitchCat/Python-Course,34.0,14.0,0.0,none,none,none
IntelPython/mkl_fft,33.0,9.0,36.0,none,none,none
Dyakonov/IML,33.0,17.0,24.0,none,none,none
jchrisweaver/vidpipe,33.0,7.0,24.0,none,none,numpy==1.15.0
hbldh/pyefd,33.0,8.0,48.0,none,none,none
Lancern/asm2vec,33.0,5.0,12.0,none,none,none
rugantio/MachineLearningCourse,33.0,32.0,24.0,none,none,none
ofnote/tsanley,33.0,1.0,12.0,none,none,none
ankitesh97/Gesture-Recognition-CNN,32.0,10.0,36.0,none,none,none
ducha-aiki/numpy-sift,32.0,5.0,36.0,none,none,none
v-iashin/CS231n-2017,32.0,9.0,24.0,none,none,none
samanyougarg/Group-Emotion-Recognition,32.0,15.0,24.0,ntensorflow-estimator==1.14.0,none,nnumpy==1.15.4
CALFEM/calfem-python,32.0,10.0,60.0,none,none,none
jimfleming/differentiation,32.0,8.0,48.0,none,none,none
AyushExel/Neo,32.0,11.0,24.0,none,none,numpy==1.14.3
LaicZhang/awesome-ebooks,32.0,10.0,12.0,none,none,none
ShibiHe/Model-Free-Episodic-Control,31.0,8.0,48.0,none,none,none
MarcoForte/poisson-matting,31.0,4.0,36.0,none,none,none
fwilliams/numpyeigen,31.0,4.0,24.0,none,none,none
tulip-control/polytope,31.0,11.0,72.0,none,none,none
chokkan/deeplearning,31.0,2.0,24.0,none,none,none
syamkakarla98/Dimensionality-reduction-and-classification-on-Hyperspectral-Images-Using-Python,31.0,19.0,24.0,none,none,none
StephanieStallworth/Exploratory_Data_Analysis_Visualization_Python,31.0,48.0,36.0,none,none,none
ryfeus/gcf-packs,31.0,7.0,24.0,none,none,none
petronetto/machine-learning-alpine,31.0,11.0,36.0,none,none,none
guanfuchen/cnn_np,30.0,9.0,24.0,none,none,none
upalr/Python-camp,30.0,21.0,36.0,none,none,none
syrte/ndtest,30.0,16.0,48.0,none,none,none
predictive-analytics-lab/data-science-types,30.0,9.0,12.0,none,none,none
deeplearning4j/jumpy,29.0,12.0,36.0,none,none,nnumpy==1.14.2
theflofly/dnn_from_scratch_py,29.0,12.0,36.0,ntensorflow==1.4.1,none,numpy==1.12.0
prideout/clumpy,29.0,2.0,24.0,none,none,none
TheAILearner/Snake-Game-with-Deep-learning,29.0,11.0,24.0,none,none,none
spatialaudio/sfa-numpy,29.0,9.0,36.0,none,none,none
unknownue/PyTorch.docs,29.0,2.0,12.0,none,none,none
TrainingByPackt/Data-Visualization-with-Python,30.0,42.0,24.0,none,none,none
amsukdu/SimplePythonCNN,28.0,7.0,36.0,none,none,none
fengyang95/tiny_ml,28.0,6.0,24.0,none,none,none
sukhbinder/intersection,28.0,9.0,36.0,none,none,none
bakerjd99/jacks,29.0,4.0,84.0,none,none,none
FranckNdame/drlkit,28.0,0.0,12.0,none,none,none
xming521/WorkAggregation,28.0,7.0,0.0,none,none,nnumpy==1.15.0
jefkine/zeta-learn,27.0,3.0,24.0,none,none,none
OpenDataAnalytics/gaia,27.0,15.0,72.0,none,none,nnumpy>=1.10.0
skhaz/steamosaic,27.0,2.0,12.0,none,none,none
innat/DIP-In-Python,27.0,24.0,24.0,none,none,none
navjindervirdee/neural-networks,26.0,15.0,36.0,none,none,none
abdulfatir/sampling-methods-numpy,26.0,7.0,24.0,none,none,none
fubel/PyCannyEdge,27.0,11.0,48.0,none,none,none
nachiket273/Self_Driving_Car,26.0,22.0,12.0,none,none,none
kaishengteh/Data-Analyst-Nanodegree,26.0,24.0,36.0,none,none,none
sarvasvkulpati/LinearRegression,26.0,27.0,24.0,none,none,nnumpy==1.15.4
the-akira/Python-Matematica,26.0,6.0,12.0,none,none,none
SamRagusa/Batch-First,25.0,4.0,36.0,none,none,none
PyXRD/PyXRD,25.0,8.0,60.0,none,none,none
AtsushiSakai/numpycpp,25.0,2.0,36.0,none,none,none
CICIFLY/Data-Analytics-Projects,25.0,24.0,24.0,none,none,none
popovicidaniela/Master-Thesis,25.0,3.0,36.0,none,none,none
umangjpatel/dnet,25.0,4.0,12.0,ntensorflow-datasets==3.1.0',none,numpy==1.18.4
scikit-hep/pyjet,25.0,19.0,36.0,none,none,  - numpy
dshahid380/Data-analysis-with-pandas,25.0,14.0,12.0,none,none,none
alexgolikov/deep-learning-book,26.0,6.0,24.0,none,none,none
jiexunsee/Neural-Network-with-Python,24.0,27.0,36.0,none,none,none
dnlcrl/PyFunt,24.0,4.0,48.0,none,none,numpy >= 1.11.0
jldbc/numpy_neural_net,24.0,9.0,48.0,none,none,none
chinmaydas96/Coursera-Machine-Learning-Python,24.0,4.0,36.0,none,none,none
IEEE-VIT/techloop-ml-plus,24.0,12.0,24.0,none,none,none
pyCGNS/pyCGNS,24.0,11.0,36.0,none,none,none
RemyPorter/ShadowMusic,24.0,2.0,12.0,none,none,none
uber/hypothesis-gufunc,24.0,2.0,12.0,none,none,none
PacktWorkshops/The-Data-Visualization-Workshop,25.0,33.0,12.0,none,none,nnumpy==1.17.4
RafayAK/NothingButNumPy,24.0,10.0,12.0,none,none,none
sahilparekh/GStreamer-Python,23.0,8.0,12.0,none,none,none
AlexIoannides/ml-workflow-automation,23.0,18.0,12.0,none,none,none
stovorov/ConjugateGradients,23.0,4.0,36.0,none,none,none
ajayns/moodify,23.0,5.0,36.0,none,none,nnumpy==1.12.0
abhinavsagar/pedestrian-detection,23.0,10.0,12.0,none,none,none
santiment/sanpy,23.0,7.0,24.0,none,none,none
Site1997/LeNet-python,23.0,8.0,24.0,none,none,none
ahmedfgad/NumPyCNNAndroid,22.0,12.0,24.0,none,none,none
buomsoo-kim/Introduction-to-Python-Programming,22.0,7.0,36.0,none,none,none
Trinkle23897/Artificial-Neural-Network-THU-2018,22.0,8.0,24.0,none,none,none
Unidata/python-awips,22.0,14.0,60.0,none,none,   - numpy
VACUMM/sphinx-fortran,22.0,18.0,60.0,none,none,nnumpy >= 1.0
onurtemizkan/zhang,22.0,12.0,36.0,none,none,none
MGHComputationalPathology/highdicom,22.0,4.0,12.0,none,none,none
ertugruldeniz/plakatanimasistemi,21.0,7.0,24.0,none,none,none
abdullahselek/spampy,21.0,6.0,24.0,none,none,none
LaurentRDC/npstreams,21.0,1.0,36.0,none,none,numpy >= 1.14
Computational-Intelligence-Fall18/Computational-Intelligence-Tutorials,21.0,9.0,24.0,none,none,none
MRedies/NPY-for-Fortran,20.0,3.0,36.0,none,none,none
sileixinhua/Python_data_science_by_iris,20.0,28.0,36.0,none,none,none
plotlabs/SNNs-In-Tensorflow,20.0,6.0,24.0,b'tensorflow==1.3.0,none,nnumpy==1.13.3'
alexvlis/Shape-Recognition,20.0,4.0,48.0,none,none,none
CwbhX/Jamais-Vu,20.0,5.0,36.0,none,none,none
UiO-CS/tf-wavelets,20.0,4.0,24.0,none,none,none
jaisayush/Fatigue-Detection-System-Based-On-Behavioural-Characteristics-Of-Driver,20.0,12.0,12.0,none,none,none
scivision/f2py-examples,20.0,5.0,48.0,none,none,none
eddelbuettel/rcppcnpy,20.0,14.0,84.0,none,none,none
tirthajyoti/Covid-19-analysis,20.0,17.0,0.0,none,none,none
Belval/NaiveCNN,20.0,4.0,36.0,none,none,none
cnelson/skydetector,20.0,6.0,24.0,none,none,none
FilippoBovo/robustats,20.0,4.0,12.0,none,none,numpy==1.17.0
SkafteNicki/libcpab,20.0,3.0,24.0,none,none,none
ASPP/ASPP-2018-numpy,19.0,12.0,24.0,none,none,none
architsharma97/VideoSummarization,19.0,14.0,48.0,none,none,none
MichaelAquilina/hashedindex,19.0,8.0,60.0,none,none,none
sniklaus/teaching-vision,19.0,2.0,36.0,none,none,none
rougier/CNCC-2019,19.0,4.0,12.0,none,none,none
icmc-data/Turma-Introducao-2019.1,19.0,4.0,12.0,none,none,none
douglasdavis/pygram11,19.0,1.0,12.0,none,none,none
powellb/seapy,18.0,12.0,60.0,none,none,none
dbrrt/jp2-python,18.0,7.0,36.0,none,none,none
ellisdg/frangi3d,18.0,18.0,48.0,none,none,none
aestimosolver/aestimo,18.0,9.0,36.0,none,none,none
bshillingford/python-sharearray,18.0,1.0,36.0,none,none,none
stanfortonski/Perlin-Noise-3D-Voxel-Generator,18.0,0.0,0.0,none,none,none
SishaarRao/PageRank,18.0,2.0,36.0,none,none,numpy==1.12.1
rohintangirala/eulerian-remote-heartrate-detection,18.0,12.0,24.0,none,none,none
srp98/Movie-Recommender-using-RBM,18.0,18.0,24.0,none,none,none
slalit360/Data-Science-ML-Cheat-Sheet-Books-Oreilly-,18.0,17.0,24.0,none,none,none
scikit-hep/numpythia,18.0,4.0,36.0,none,none,none
shadaj/scalapy-numpy,17.0,12.0,36.0,none,none,none
ivanyu/idx2numpy,17.0,9.0,84.0,none,none,none
libmir/numir,17.0,3.0,36.0,none,none,none
pechersky/haskell-numpy-docs,17.0,2.0,36.0,none,none,none
JohnVinyard/zounds,17.0,4.0,48.0,none,ntorch>=0.4.0',nnumpy>=1.15.3
TrainingByPackt/Data-Wrangling-with-Python,18.0,53.0,24.0,none,none,none
jcmgray/autoray,17.0,1.0,12.0,none,none,none
david-hoffman/pyOTF,17.0,9.0,48.0,none,none,  - numpy
victor-iyiola/py-image-search-engine,17.0,12.0,36.0,none,none,none
pyxem/orix,17.0,6.0,24.0,none,none,none
kylebarron/pymartini,17.0,2.0,0.0,none,none,none
ntrang086/q_learning_trading,17.0,14.0,24.0,none,none,none
tribeofai/workshops,17.0,4.0,12.0,none,none,none
lucashn/peakutils,17.0,1.0,36.0,none,none,nnumpy>=1.8
xainag/numproto,17.0,1.0,12.0,none,none,none
Sammers21/math_stat_python,17.0,7.0,36.0,none,none,none
innat/Py4-DS,17.0,15.0,24.0,none,none,nnumpy==1.16.0
tirthajyoti/Scikit-image-processing,17.0,18.0,12.0,none,none,none
becxer/pytrain,16.0,3.0,60.0,none,none,none
primitiv/primitiv-python,16.0,2.0,36.0,none,none,numpy>=1.11.0
bfortuner/machine-learning,16.0,11.0,24.0,none,none,none
mherkazandjian/fastgrab,16.0,1.0,12.0,none,none,none
Daniel-Liu-c0deb0t/Adversarial-point-perturbations-on-3D-objects,15.0,5.0,12.0,b'tensorflow-gpu==1.4.1,none,nnumpy==1.16.6
agyorev/DocuScan,16.0,4.0,60.0,none,none,none
LukaszMalucha/Cat-vs.-Dog-Classifier,16.0,8.0,24.0,ntensorflow-estimator==1.13.0,none,nnumpy==1.16.4
rougier/Scipy-Bordeaux-2017,15.0,6.0,36.0,none,none,none
philippbauch/simple-linear-regression-notebook,15.0,21.0,36.0,none,none,nnumpy==1.12.1
potocpav/npy-rs,15.0,5.0,36.0,none,none,none
treehouse-projects/python-intro-to-numpy,15.0,16.0,24.0,none,none,none
bat67/numpy-user-guide-zh,15.0,3.0,36.0,none,none,none
zgbjgg/jun,15.0,2.0,36.0,none,none,none
kobykotiv/DeepBird,15.0,2.0,36.0,none,none,none
williamjameshandley/anesthetic,15.0,5.0,12.0,none,none,  - numpy
Imperial-College-Data-Science-Society/Neural-Networks,15.0,8.0,36.0,none,none,none
hkedia321/rice-quality-analysis,15.0,4.0,36.0,none,none,none
ianburkeixiv/Python-TensorFlow-WebApp,15.0,5.0,36.0,none,none,none
KimJeongSun/SpecAugment_numpy_scipy,15.0,6.0,12.0,none,none,none
dataworkshop/webinar-jupyter,14.0,8.0,36.0,none,none,none
Proxem/NumNet,14.0,2.0,24.0,none,none,none
neerajdixit/object-detection-with-deep-learning,14.0,9.0,36.0,none,none,none
DevelopedByAnurag/Datscan,14.0,2.0,12.0,none,none,none
prabhuomkar/CMATERdb,14.0,1.0,12.0,none,none,none
alessandrocucci/ml-book,14.0,6.0,36.0,none,none,none
Toemazz/VehicleDetectionAndTracking,14.0,10.0,24.0,none,none,none
ashishpatel26/Andrew-NG-Notes,14.0,11.0,12.0,none,none,none
mtrazzi/gym-alttp-gridworld,14.0,0.0,24.0,none,none,none
jacobdanovitch/Deep-Neural-Networks-for-Baseball,14.0,2.0,24.0,none,none,none
mrtpk/lidar-buster,14.0,7.0,24.0,none,none,none
rahup97/rect-maze,14.0,9.0,36.0,none,none,none
srinadhu/CS231n,14.0,11.0,24.0,none,none,none
RainingComputers/pykitml,14.0,0.0,12.0,none,none,none
benjaminirving/array-python-cpp,13.0,7.0,60.0,none,none,none
nudomarinero/wquantiles,14.0,7.0,72.0,none,none,numpy>=1.8.0
cxylpy/self_tutorial,13.0,3.0,24.0,none,none,none
buomsoo-kim/Python-for-data-analysis,13.0,9.0,36.0,none,none,none
waynemystir/lstm-numpy,13.0,7.0,36.0,none,none,none
gersongams/CursoPython,13.0,12.0,48.0,none,none,none
ericspod/DicomBrowser,13.0,2.0,48.0,none,none,none
LinShanify/HeatMap,13.0,4.0,24.0,none,none,none
conor10/examples,13.0,4.0,72.0,none,none,none
iamjagdeesh/Fake-News-Detection,13.0,8.0,12.0,none,none,none
zhengze/sklearn-predict,13.0,9.0,48.0,none,none,none
akwasigroch/coattention_object_segmentation,13.0,3.0,12.0,none,none,none
danielorf/pyMovieFingerprint,13.0,3.0,36.0,none,none,none
bksahu/100DaysOfMLCode,13.0,0.0,24.0,none,none,nnumpy=1.14.3 
resotto/python3-docker-devenv,13.0,2.0,12.0,none,none,none
dgasmith/gau2grid,12.0,7.0,36.0,none,none,none
gertingold/euroscipy-numpy-tutorial,12.0,12.0,48.0,none,none,none
Sagn1k/introToDataScience,12.0,3.0,24.0,none,none,none
engineersCode/EngComp1_offtheground,12.0,15.0,24.0,none,none,nnumpy==1.15.1
DipakMajhi/Machine-Learning-CheatSheets,12.0,4.0,36.0,none,none,none
Chinmayrane16/Diamonds-In-Depth-Analysis,12.0,5.0,24.0,none,none,none
xinjli/pytensor,12.0,3.0,48.0,none,none,none
DirkToewe/nd4js,12.0,0.0,36.0,none,none,none
otenim/Numpy-ELM,12.0,6.0,24.0,none,none,none
otenim/Numpy-ELM,12.0,6.0,24.0,none,none,none
sdpython/pandas_streaming,12.0,4.0,36.0,none,none,none
spacetelescope/jwql,12.0,25.0,36.0,none,none,nnumpydoc==1.0.0
Kamik423/xkcd-2048,12.0,1.0,24.0,none,none,none
Daniel-Liu-c0deb0t/3D-Neural-Network-Adversarial-Attacks,12.0,2.0,24.0,none,none,none
Chinmayrane16/Titanic-Survival-In-Depth-Analysis,12.0,2.0,24.0,none,none,none
code-monk08/connect4,12.0,23.0,12.0,none,none,none
Virtual-Machines/Anaconda-VirtualBox,12.0,3.0,24.0,none,none,none
sanithps98/Automobile-Dataset-Analysis,12.0,4.0,12.0,none,none,none
szmania/MEGA_Manager,12.0,1.0,36.0,none,none,none
bshankar/audiophile,12.0,3.0,36.0,none,none,none
amitkumarj441/Bitcoin-Price-Prediction,12.0,4.0,36.0,none,none,none
neerajdixit/object-detection-with-svm-and-opencv,12.0,9.0,36.0,none,none,none
tdh8316/triangler,12.0,2.0,0.0,none,none,nnumpy==1.17.2
mez/extended_kalman_filter_python,12.0,4.0,36.0,none,none,none
nirdizati-research/predict-python,12.0,6.0,36.0,ntensorflow==1.5.0,none,nnumpy==1.18.1
zmzhouXJTU/Python-Data-Analysis,12.0,7.0,24.0,none,none,none
deparkes/OOMMFTools,12.0,8.0,96.0,none,none,- numpy
accraze/python-twelve-tone,12.0,3.0,48.0,none,none,none
stephantul/reach,12.0,3.0,48.0,none,none,numpy==1.12.1
RyanDsilva/nn-from-scratch,13.0,1.0,0.0,none,none,none
michellebonat/tf_text_classify,11.0,7.0,24.0,none,none,none
anujdutt9/RecurrentNeuralNetwork,12.0,6.0,36.0,none,none,none
upul/logistic_regression,11.0,5.0,48.0,none,none,none
monoelh/deep-reinforcement-learning_DDQN_PPO_HER,11.0,1.0,24.0,none,none,none
pradeepsinngh/Data-Science-Tutorials,11.0,2.0,24.0,none,none,none
Vaidic/Udacity-Machine-Learning-Engineer-Nanodegree,11.0,10.0,24.0,none,none,none
inmcm/kravatte,11.0,1.0,24.0,none,none,none
ankitaggarwal011/MNIST-Sequence,11.0,4.0,36.0,none,none,nnumpy==1.13.3
ajhynes7/scikit-spatial,11.0,0.0,12.0,none,none,numpy==1.17.4
jorge-ramirez-upm/RepTate,11.0,5.0,48.0,none,none,none
mounirlt/LearningSentiment-SpecificWordEmbeddingForTwitterSentimentClassification,11.0,3.0,36.0,none,none,none
resotto/laplace,11.0,5.0,12.0,none,none,none
tribeofai/toai,11.0,5.0,12.0,none,none,none
consbio/trefoil,10.0,2.0,60.0,none,none,none
vaibhavnaagar/cnn,10.0,7.0,36.0,none,none,none
JuzerShakir/Investigate_TMDb_Movies,10.0,8.0,24.0,none,none,none
AchintyaX/NumpyStack,10.0,2.0,24.0,none,none,none
kmario23/Introduction-to-NumPy-Matplotlib-TensorFlow,10.0,14.0,24.0,none,none,none
Nir-J/ML-Projects,10.0,10.0,36.0,none,none,none
AdnanZahid/SnakeGame,10.0,7.0,24.0,none,none,none
radujica/baloo,10.0,6.0,24.0,none,none,none
BADMG/SignatureVerification,10.0,3.0,24.0,ntensorflow==1.15.0,none,nnumpy==1.14.3
aplbrain/npyjs,10.0,8.0,48.0,none,none,none
BryceQing/MicroScope,10.0,5.0,12.0,none,none,numpy==1.16.5
TrainingByPackt/Data-Science-with-Python,10.0,25.0,24.0,  - tensorflow-estimator=1.13.0=py_0,none,  - numpy-base=1.16.4=py36hc3f5095_0
fruzsinaagocs/oscode,10.0,5.0,12.0,none,none,none
duaraghav8/Corque,10.0,3.0,36.0,none,none,none
PhantomInsights/covid-19,10.0,2.0,0.0,none,none,none
AnonGuy/tapmap,10.0,2.0,24.0,none,none,none
nishusharma1608/India-Census-2011-Analysis,10.0,14.0,36.0,none,none,none
AlexIoannides/lime-interpretable-ml,10.0,5.0,24.0,none,none,none
Jake-Young/AI-NI-Academy,10.0,8.0,24.0,none,none,none
yoavram/DataSciPy,10.0,8.0,24.0,none,none,- numpy=1.14.2
int-brain-lab/mtscomp,10.0,0.0,12.0,none,none,none
meownoid/quantum-python,10.0,5.0,36.0,none,none,none
Computational-Intelligence-Fall18/Python-and-Numpy-Tutorials,10.0,2.0,24.0,none,none,none
dsc-iiitdmk/Pick-Parser,10.0,1.0,12.0,none,none,none
mwyau/PyStormTracker,10.0,2.0,60.0,none,none,none
tahaHichri/ML-fomo,10.0,0.0,12.0,none,none,none
DiamondLightSource/diffcalc,10.0,8.0,96.0,none,none,none
PoLun-Wang/Learn_NumPy,10.0,5.0,24.0,none,none,none
ahmedfgad/KivyAndroidClassification,10.0,3.0,12.0,none,none,none
underworldcode/quagmire,10.0,1.0,36.0,none,none,none
talhasaruhan/spatial-pyramid-pooling,9.0,2.0,24.0,none,none,none
shubham16394/Text-Similarity,9.0,7.0,36.0,none,none,none
erikvdplas/gru-rnn,9.0,6.0,36.0,none,none,none
nvictus/pybbi,9.0,2.0,48.0,none,none,none
yokaze/pyscience11,9.0,2.0,24.0,none,none,none
Dan-Patterson/Tools_for_ArcGIS_Pro,9.0,4.0,84.0,none,none,none
lbgists/audio-spectrum-matplotlib,9.0,4.0,24.0,none,none,none
harunshimanto/Gender-Detection,9.0,10.0,24.0,none,none,none
ntrang086/ml_trading_assess_learners,9.0,19.0,24.0,none,none,none
PacktPublishing/MasteringPython,9.0,2.0,12.0,none,none,none
ShigekiKarita/mir-pybuffer,9.0,0.0,24.0,none,none,none
dali-ml/dali-cython,9.0,2.0,60.0,none,none,nnumpy>=1.9.2
Sverchok/Sverchok,9.0,2.0,36.0,none,none,none
trsvchn/interactive-perceptrons,9.0,4.0,24.0,none,none,none
AnilKumarTeegala/APSSDC_Multi-Skill-Training-Program_VIEW,9.0,1.0,0.0,none,none,none
jtcho/FairMachineLearning,9.0,3.0,36.0,none,none,nnumpy==1.12.1
jeanggi90/sensorCar,9.0,1.0,24.0,none,none,nnumpy==1.16.2
dkaushik94/MLAlgos,9.0,0.0,36.0,none,none,none
tlatkowski/deep-learning-gene-expression,9.0,6.0,36.0,none,none,numpy==1.14.2
GeorgeSeif/Data-Science-Python,9.0,12.0,36.0,none,none,none
DataLind/Udacity-Data-Analyst-Nanodegree,10.0,9.0,12.0,none,none,none
akshay1997feb/Object-sorting-using-Robotic-arm-and-Image-processing,9.0,6.0,36.0,none,none,none
leouieda/python-hawaii-2017,9.0,7.0,36.0,none,none,none
evcu/numpy_autograd,9.0,1.0,24.0,none,none,none
RohitMidha23/Image-Directory-to-CSV,9.0,14.0,24.0,none,none,none
launchcode01dl/deeplearning.ai-coursera,10.0,8.0,24.0,none,none,none
ITE-5th/fuzzy-clustering,9.0,7.0,24.0,none,none,none
gmelodie/silentMoire,9.0,3.0,12.0,none,none,none
crowsonkb/shared_ndarray,9.0,5.0,36.0,none,none,numpy >= 1.11.3
pdebuyl-lab/tidynamics,9.0,3.0,36.0,none,none,none
marcogdepinto/Python-for-Data-Analysis-and-Machine-Learning,9.0,7.0,24.0,none,none,none
heysachin/Deep-Learning-PyTorch-Course-Materials,9.0,5.0,12.0,none,none,none
rahulkrishnan98/Numpy-array-to-Images,8.0,4.0,24.0,none,none,none
cainmagi/FFmpeg-Encoder-Decoder-for-Python,8.0,4.0,36.0,none,none,none
fqhuy/minimind,8.0,0.0,36.0,none,none,none
nschloe/fastfunc,8.0,0.0,24.0,none,none,none
isaksamsten/wildboar,8.0,3.0,24.0,none,none,nnumpy>=1.17.4
SanjinKurelic/CaseBasedReasoning,8.0,6.0,24.0,none,none,none
arunarn2/DeepPathwithTensorforce,8.0,1.0,24.0,none,none,none
christophercrouzet/hienoi,8.0,2.0,36.0,none,none,none
monycky/artificial-neural-networks,8.0,0.0,24.0,none,none,none
ShivamShrirao/dnn_from_scratch,8.0,0.0,12.0,none,none,none
ggeop/Realtime-Recommender,8.0,3.0,24.0,none,none,nnumpy==1.15.4
ToastyToast/slam-algorithms,8.0,3.0,36.0,none,none,none
eswar3/Zillow-prediction-models,8.0,2.0,24.0,none,none,none
sarthak0797/Digit-Recognition,8.0,6.0,24.0,none,none,none
jjrodcast/MaskDectector,8.0,7.0,0.0,none,none,none
gholomia/Hornburg,8.0,0.0,36.0,none,none,none
Liza-S/DAT208x-Introduction-to-Python-for-Data-Science-by-Edx,8.0,10.0,48.0,none,none,none
Jimut123/wisp,8.0,3.0,12.0,none,none,nnumpy==1.16.1
flatironinstitute/sparse_dot,8.0,1.0,12.0,none,none,none
brenns10/bart,8.0,0.0,48.0,none,none,none
adipandas/SmallWorldNetCA,8.0,2.0,24.0,none,none,none
abhishek305/PyBot-A-ChatBot-For-Answering-Python-Queries-Using-NLP,8.0,9.0,12.0,none,none,none
Toemazz/VideoStitcher,8.0,2.0,24.0,none,none,none
aysebilgegunduz/IntrotoScientificPython,8.0,5.0,36.0,none,none,none
anthonytec2/xrayscanner,8.0,4.0,24.0,none,none,nnumpy==1.14.2
sharmaroshan/MNIST-Dataset,8.0,2.0,12.0,none,none,none
zgbjgg/kaa,8.0,1.0,36.0,none,none,none
saranshbansal/Data-Science-with-Python,8.0,5.0,24.0,none,none,none
aysebilgegunduz/IntrotoScientificPython,8.0,5.0,36.0,none,none,none
heanuea/Mnist-Digit-Reader-,8.0,13.0,36.0,none,none,none
RohitMidha23/Neural-Network-Decision-Boundary,8.0,3.0,12.0,none,none,none
Vants/stampsreplacer,8.0,4.0,36.0,none,none,none
rvanmelle/pySPICE,8.0,3.0,108.0,none,none,none
garciparedes/python-examples,8.0,0.0,60.0,none,none,none
skyzh/fourier-transform-drawing,8.0,3.0,12.0,none,none,none
sourcecode369/ml-algorithms-on-scikit-and-keras,9.0,5.0,24.0,none,none,none
inejc/nnlib,8.0,1.0,36.0,none,none,numpy==1.12.0
singhrahuldps/OneHotEncode,8.0,1.0,24.0,none,none,none
scls19fr/pandas_degreedays,8.0,4.0,72.0,none,none,none
Technologicat/python-wlsqm,8.0,3.0,36.0,none,none,none
chimez/nimeigen,8.0,0.0,12.0,none,none,none
Niranjankumar-c/GradientDescent_Implementation,8.0,8.0,12.0,none,none,none
GunhoChoi/Kind_Tensorflow_Tutorial,7.0,5.0,36.0,none,none,none
janelia-flyem/diced,7.0,4.0,48.0,none,none,none
wshuail/Learn-Data-Science-the-Hard-Way,7.0,7.0,60.0,none,none,none
amsukdu/SimplePythonRNN,7.0,2.0,24.0,none,none,none
ntrang086/analyze_financial_data,7.0,6.0,36.0,none,none,none
vihar/torched,7.0,1.0,24.0,none,none,none
rvinas/nnn,7.0,1.0,36.0,none,none,none
naosk8/pil-numpy-homography-sample,7.0,0.0,36.0,none,none,none
guenchi/NumPy,7.0,1.0,24.0,none,none,none
ikizhvatov/efficient-columnwise-correlation,7.0,3.0,36.0,none,none,none
lasersonlab/zappy,7.0,1.0,24.0,none,none,none
nmerrill67/GPU_GSPCA,7.0,2.0,36.0,none,none,none
gsubramani/robust-nonlinear-regression,7.0,1.0,24.0,none,none,none
temp3rr0r/Longsword-Stance-RESTful-Service,7.0,3.0,36.0,none,none,none
mk43/python-practice,7.0,4.0,36.0,none,none,none
alessiovierti/youtube-clickbait-detector,7.0,3.0,24.0,none,none,none
alakise/Audio-Spectrogram,7.0,2.0,12.0,none,none,none
NiMlr/pyfunctionbases,7.0,0.0,12.0,none,none,none
nvladimus/npy2bdv,7.0,3.0,12.0,none,none,none
osanj/lava,7.0,2.0,12.0,none,none,nnumpy==1.16.3
qandeelabbassi/python-svm-sgd,7.0,5.0,0.0,none,none,none
max0ne/twinkeydow,7.0,0.0,24.0,none,none,none
ZainUlMustafa/Stock-Prediction-using-News-Info-Sentiment,7.0,4.0,24.0,none,none,none
cakmakaf/boston_housing,7.0,1.0,24.0,none,none,none
jbp261/Indoor-Navigation-and-Localization,7.0,3.0,24.0,none,none,none
MeowLucian/Multipath_Simulation,7.0,2.0,36.0,none,none,none
mzy2240/ESA,7.0,0.0,12.0,none,none,none
ZacharyWalsh57/PythonNoiseReduction,7.0,4.0,36.0,none,none,none
Tamoghna-Saha/python_tutorials_notebook,7.0,6.0,24.0,none,none,none
roshanlam/Audio-react,7.0,0.0,12.0,none,none,none
Technologicat/pydgq,7.0,2.0,36.0,none,none,none
Chinmayrane16/Pokemon-Visualization,7.0,0.0,24.0,none,none,none
HouariZegai/MachineLearningProjects,7.0,0.0,12.0,none,none,none
amirziai/menrva,7.0,2.0,48.0,none,none,none
bpkaur/Cheatsheets-for-data-science-and-machine-learning-beginners,7.0,6.0,24.0,none,none,none
LukaszMalucha/Pathfinder-AI,7.0,0.0,24.0,none,none,nnumpy==1.16.4
naiveHobo/JDL,7.0,0.0,36.0,none,none,none
SciTools/tephi,7.0,25.0,72.0,none,none,none
greenelab/hetmech,7.0,6.0,48.0,none,none,  - conda-forge::numpy=1.14.6
edorado93/Power-Of-A-Neuron,7.0,2.0,24.0,none,none,none
Kyziridis/BipedalWalker-v2,7.0,4.0,24.0,none,none,none
SimLeek/displayarray,7.0,3.0,36.0,none,none,none
SciTools/tephi,7.0,25.0,72.0,none,none,none
astro30/valinvest,7.0,2.0,0.0,none,none,none
HouariZegai/MachineLearningProjects,7.0,0.0,12.0,none,none,none
prakharchoudhary/MLworld,7.0,1.0,36.0,none,none,none
prashantlv/dataScience-cheatS,7.0,0.0,0.0,none,none,none
bpesquet/machine-learning-handbook,7.0,1.0,24.0,none,none,none
souravs17031999/NeuralNets-Pure-Python,7.0,0.0,12.0,none,none,nnumpy==1.16.4     
wladiarce/logistic_regression_numpy,6.0,5.0,24.0,none,none,none
avvineed/Convolutional-neural-network-Numpy,6.0,2.0,24.0,none,none,none
HDembinski/pyik,6.0,3.0,36.0,none,none,none
temp3rr0r/CellularAutomataEpidemicModels,6.0,3.0,36.0,none,none,none
dstein64/aghasher,6.0,4.0,60.0,none,none,none
greydanus/mr_london,6.0,1.0,48.0,none,none,nnumpy==1.10.1
Murillo/Data-Science-Udacity,6.0,4.0,48.0,none,none,none
pavitrakumar78/Machine-Learning-Python-Implementations,6.0,1.0,60.0,none,none,none
lamhoangtung/numpy-tutorial,6.0,3.0,24.0,none,none,none
vliu15/elmo-kmeans,6.0,1.0,24.0,none,none,none
mramshaw/Data-Cleaning,6.0,3.0,24.0,none,none,numpy>=1.14.0
kcg2015/lidar_ground_plane_and_obstacles_detections,7.0,5.0,12.0,none,none,none
zainsiddiqui/Predicting-Survival-on-Titanic-with-Machine-Learning-and-Graphical-User-Interface,6.0,2.0,12.0,none,none,numpy==1.16.3
abdel/imdb-sentiment-analysis,6.0,5.0,36.0,none,none,none
sid-ramakrishnan/SemiSupervisedVideoSemanticRecognition,6.0,2.0,48.0,none,none,none
mohnkhan/Deep-Learning-Cheat-Sheets,6.0,6.0,24.0,none,none,none
Siddhant-K-code/Coronavirus-Probability-Checker,6.0,1.0,0.0,none,none,none
niranjanshr13/notes,6.0,8.0,48.0,none,none,none
shaheerakr/roman-urdu-abusive-comment-detector,6.0,0.0,24.0,none,none,none
drewszurko/tensorflow-2-style-transfer,6.0,1.0,12.0,ntensorflow-gpu==2.0.0b1,none,none
ProsperousHeart/TrainingUsingJupyter,6.0,6.0,24.0,none,none,none
aromanro/PythonCompphys,6.0,0.0,0.0,none,none,    - numpy
nicolasfguillaume/Computational-Fluid-Dynamics-CFD-in-Python,6.0,4.0,48.0,none,none,none
paulfoley/Udacity_Nanodegree-Data_Analyst,6.0,12.0,36.0,none,none,none
M-Younus/stock-market-prediction-using-sentiment-analysis,6.0,13.0,24.0,none,none,none
bastanikola/Machine-Learning-Projects,6.0,14.0,12.0,none,none,none
bygregonline/dicom_django_viewer,6.0,4.0,24.0,none,none,none
bricewalker/NCAA-2018-Mens-March-Madness,6.0,1.0,24.0,none,none,none
ZainUlMustafa/Stock-Prediction-RNN-LSTM,6.0,4.0,24.0,none,none,none
kaustubh-sadekar/FunMirrors,6.0,2.0,0.0,none,none,none
sanjaysan/DataScience-Foodie,6.0,1.0,36.0,none,none,none
munnam77/Machine_Learning_CheatSheets,6.0,8.0,24.0,none,none,none
zxyle/make_training_set,6.0,1.0,24.0,none,none,numpy==1.16.4
matthieuheitz/npy_viewer,6.0,3.0,36.0,none,none,none
MagicTearsAsunder/YouTube_Analyzer,6.0,0.0,0.0,none,none,nnumpy==1.18.1
ubermag/discretisedfield,6.0,4.0,48.0,none,none,none
tokuda109/tensorflow-docker-skeleton,6.0,0.0,36.0,none,none,none
PacktPublishing/Python-Data-Mining-Cookbook,6.0,11.0,36.0,none,none,none
TGDivy/MBTI-Personality-Classifier,7.0,5.0,24.0,none,none,none
atse0612/Machine-Learning-A-Z,6.0,30.0,36.0,none,none,none
pchandra90/advance_lane_lines,6.0,2.0,12.0,none,none,none
sar-gupta/rnn-from-scratch,6.0,4.0,24.0,none,none,none
allentv/DataScienceMachineLearning,6.0,7.0,60.0,none,none,none
kamadak/fiml-py,6.0,2.0,48.0,none,none,none
Spartee/LSTM-RNN,6.0,1.0,36.0,none,none,none
dataship/python-dataship,6.0,0.0,36.0,none,none,none
ahmedfgad/8QueensGenetic,6.0,3.0,12.0,none,none,none
valerierose/voronoi_district,6.0,1.0,36.0,none,none,none
bjpcjp/Numeric-Python,6.0,1.0,36.0,none,none,none
dahn-zk/pos,6.0,2.0,48.0,none,none,none
talha1503/word2vec,6.0,1.0,0.0,none,none,none
ramanshsharma2806/Digit-Recognizer,6.0,5.0,12.0,  - tensorflow-estimator=2.0.0=pyh2649769_0,none,numpy==1.17.2
sborquez/Python-LEC,6.0,6.0,12.0,none,none,none
SajadAzami/python-scientific-tools,5.0,2.0,48.0,none,none,none
Bhupesh-V/Learn-Python-Packages,5.0,5.0,24.0,none,none,none
popcornell/pyGF2,5.0,4.0,24.0,none,none,none
erikdelange/Neural-networks-in-numpy,5.0,4.0,24.0,none,none,none
milesgranger/lumber-jack,5.0,1.0,36.0,none,none,nnumpy==1.14.2
rmitsch/docker-alpine-python-nlp,5.0,5.0,36.0,none,none,none
AntixK/CPPN-in-Numpy,5.0,1.0,36.0,none,none,none
345ishaan/Digit-Classification-using-Numpy,6.0,0.0,24.0,none,none,numpy==1.13.3
DustinAlandzes/mnist-nn-numpy,5.0,3.0,36.0,none,none,numpy==1.11.3
ppknap/tensor,5.0,2.0,24.0,none,none,none
xanderchf/pyCapsNet,5.0,1.0,24.0,none,none,none
viyatgandhi/content-based-recommendation-system,5.0,4.0,48.0,none,none,none
IAmSuyogJadhav/Neural-Network-in-Python-using-Numpy,5.0,0.0,24.0,none,none,none
kaas3000/exercise-breast-cancer,5.0,0.0,36.0,none,none,nnumpy==1.12.1
ka10ryu1/jpegcomp,5.0,0.0,24.0,none,none,none
matthewghgriffiths/fastoverlap,5.0,1.0,36.0,none,none,none
seung-lab/fastremap,5.0,1.0,12.0,none,none,none
neerajdixit/Traffic-Sign-classifier-with-Deep-Learning,5.0,3.0,36.0,none,none,none
sharatsawhney/character_segmentation,5.0,2.0,24.0,none,none,none
Nsemble/nsvision,5.0,0.0,0.0,none,none,none
JJSrra/Research-SocioinspiredAlgorithms,5.0,1.0,36.0,none,none,none
Microno95/desolver,5.0,3.0,48.0,none,none,nnumpy>=1.17
leriomaggio/develer-data-science,5.0,1.0,24.0,ntensorflow>=1.10.0,none,nnumpy~=1.15.2
saran-shabd/UEFA-Champions-Leauge-Predictor,5.0,0.0,0.0,none,none,none
DavidRavnsborg/Predictive-Modeling-on-Gait-Data,5.0,1.0,36.0,none,none,none
mrsupiri/R2D2,5.0,7.0,36.0,none,none,none
unleashed-coding/plotter-bot,5.0,0.0,24.0,none,none,nnumpy>=1.14.2
abeermohamed1/Recommender-System,5.0,2.0,12.0,none,none,none
AravindVasudev/defect-predictor,5.0,4.0,36.0,none,none,none
piyushbaderia/Technical-Analysis-of-Markets,5.0,7.0,36.0,none,none,none
davidbrochart/bundle,5.0,0.0,36.0,none,none,none
nlpub/word2vec-pyro4,5.0,0.0,36.0,none,none,none
MaanavKhaitan/Evaluating-Investing-In-The-Stock-Market,5.0,3.0,36.0,none,none,none
sanjaykrishnagouda/Anomaly-Detection,5.0,0.0,36.0,none,none,none
MadhavJivrajani/LFSR-Encryption,5.0,0.0,0.0,none,none,none
10zinten/food-image-classifier,5.0,1.0,36.0,none,none,none
students-teach-students/python-tools-for-students,5.0,3.0,24.0,none,none,none
leriomaggio/develer-data-science,5.0,1.0,24.0,ntensorflow>=1.10.0,none,nnumpy~=1.15.2
saran-shabd/UEFA-Champions-Leauge-Predictor,5.0,0.0,0.0,none,none,none
DavidRavnsborg/Predictive-Modeling-on-Gait-Data,5.0,1.0,36.0,none,none,none
ruimashita/dnn,5.0,0.0,48.0,none,none,none
dshahid380/Non-linear-SVM,5.0,0.0,24.0,none,none,none
telamonian/numpy-protobuf,5.0,0.0,12.0,none,none,none
yang-zhang/code-data-science,5.0,0.0,36.0,none,none,none
XatMassacrE/compose_nba_trading_cards,5.0,1.0,36.0,none,none,none
bryant1410/handson-ml,5.0,3.0,36.0,none,none,none
FeezyHendrix/LinearRegressionfromscrath,5.0,8.0,24.0,none,none,none
nikhilkumarsingh/PythonForDataScience,6.0,29.0,24.0,none,none,none
Vaidic/Applied-Data-Science-with-Python-Specialization,5.0,18.0,24.0,none,none,none
matwilso/maml_numpy,5.0,1.0,24.0,none,none,none
abel-research/ampscan,5.0,3.0,12.0,none,none,numpy>=1.12
SamRagusa/NumbaFlow,5.0,0.0,24.0,none,none,none
nabinno/dojo,5.0,1.0,12.0,none,none,none
perimosocordiae/sparray,5.0,0.0,60.0,none,none,none
magicgoose/simple_dr_meter,5.0,0.0,36.0,none,none,numpy>=1.13.3
Developer404/Neural_Network,5.0,4.0,36.0,none,none,none
ganprad/rentorbuy,5.0,0.0,36.0,none,none,nnumpy==1.11.3
DEVELOPEROPTION123/Neural-Networks-Deep-Learning-,5.0,0.0,24.0,none,none,none
codePerfectPlus/DataAnalysisWithJupyter,5.0,1.0,0.0,none,none,none
nomissbowling/pyob,5.0,3.0,24.0,none,none,none
tingelst/pyversor,5.0,3.0,60.0,none,none,none
wolfg1969/Programming-Computer-Vision-with-Python-practice,5.0,0.0,36.0,none,none,nnumpy==1.14.0 --hash=sha256:428cd3c0b197cf857671353d8c85833193921af9fafcc169a1f29c7185833d50  --hash=sha256:a476e437d73e5754aa66e1e75840d0163119c3911b7361f4cd06985212a3c3fb  --hash=sha256:289ff717138cd9aa133adcbd3c3e284458b9c8230db4d42b39083a3407370317  --hash=sha256:c5eccb4bf96dbb2436c61bb3c2658139e779679b6ae0d04c5e268e6608b58053  --hash=sha256:75471acf298d455b035226cc609a92aee42c4bb6aa71def85f77fa2c2b646b61  --hash=sha256:5c54fb98ecf42da59ed93736d1c071842482b18657eb16ba6e466bd873e1b923  --hash=sha256:9ddf384ac3aacb72e122a8207775cc29727cbd9c531ee1a4b95754f24f42f7f3  --hash=sha256:781d3197da49c421a07f250750de70a52c42af08ca02a2f7bdb571c0625ae7eb  --hash=sha256:93b26d6c06a22e64d56aaca32aaaffd27a4143db0ac2f21a048f0b571f2bfc55  --hash=sha256:b2547f57d05ba59df4289493254f29f4c9082d255f1f97b7e286f40f453e33a1  --hash=sha256:eef6af1c752eef538a96018ef9bdf8e37bbf28aab50a1436501a4aa47a6467df  --hash=sha256:ff8a4b2c3ac831964f529a2da506c28d002562b230261ae5c16885f5f53d2e75  --hash=sha256:194074058c22a4066e1b6a4ea432486ee468d24ab16f13630c1030409e6b8666  --hash=sha256:4e13f1a848fde960dea33702770265837c72b796a6a3eaac7528cfe75ddefadd  --hash=sha256:91101216d72749df63968d86611b549438fb18af2c63849c01f9a897516133c7  --hash=sha256:97507349abb7d1f6b76b877258defe8720833881dc7e7fd052bac90c88587387  --hash=sha256:1479b46b6040b5c689831496354c8859c456b152d37315673a0c18720b41223b  --hash=sha256:98b1ac79c160e36093d7914244e40ee1e7164223e795aa2c71dcce367554e646  --hash=sha256:24bbec9a199f938eab75de8390f410969bc33c218e5430fa1ae9401b00865255  --hash=sha256:7880f412543e96548374a4bb1d75e4cdb8cad80f3a101ed0f8d0e0428f719c1c  --hash=sha256:6112f152b76a28c450bbf665da11757078a724a90330112f5b7ea2d6b6cefd67  --hash=sha256:7c5276763646480143d5f3a6c2acb2885460c765051a1baf4d5070f63d05010f  --hash=sha256:3de643935b212307b420248018323a44ec51987a336d1d747c1322afc3c099fb
dthung1602/NetworkVisualization,5.0,0.0,12.0,none,none,none
codeglitchz/attendance-system,5.0,3.0,12.0,none,none,nnumpy==1.17.0
praveentn/hgwxx7,5.0,1.0,24.0,none,none,none
roguephysicist/SHGYield,5.0,7.0,84.0,none,none,none
sky-flutter/Python-Tutorials,5.0,0.0,12.0,none,none,none
rsalmei/tsp-essay,5.0,1.0,24.0,none,none,none
adi2381/ai-chatbot,5.0,5.0,12.0,none,none,none
cosimoNigro/agnpy,5.0,5.0,12.0,none,none,none
scls19fr/numpy-buffer,5.0,2.0,60.0,none,none,none
KangKangLoveCat/py_cnn,5.0,3.0,24.0,none,none,none
benjamindkilleen/lsda,5.0,3.0,12.0,none,none,none
codingXiang/BPN,5.0,3.0,36.0,none,none,none
sebastian-schlecht/pygige,5.0,2.0,36.0,none,none,none
sayakpaul/Applied-Data-Science-w-Python-Specialization,5.0,0.0,12.0,none,none,none
Igor03/crescimento-regiao-pdi,5.0,1.0,24.0,none,none,none
tawabshakeel/DataCamp-Projects,5.0,5.0,12.0,none,none,none
syrte/handy,5.0,1.0,48.0,none,none,none
nsarrazin/AstroPynamics,5.0,1.0,36.0,none,none,none
ramanshsharma2806/Alternate-Reality,5.0,2.0,0.0,none,none,none
baldFemale/Machine-Learning-from-Numpy-Scratch,5.0,1.0,12.0,none,none,none
BaseMax/ImageRecognitionAI,5.0,2.0,12.0,none,none,nnumpy==1.16.4
DVirtualCosmos/Finger_Tracking,5.0,3.0,24.0,none,none,none
atrigo/PyTrigo,5.0,0.0,24.0,none,none,none
veb-101/Numpy-Pandas-Matplotlib-Tutorial,5.0,1.0,12.0,none,none,none
nikhilkumarsingh/IntroToNumpy,5.0,7.0,12.0,none,none,none
Sid11/XGBoost-Using-Numpy,5.0,2.0,12.0,none,none,none
hrishibawane/npjs-basic,5.0,1.0,0.0,none,none,none
cortex-lab/npytools,5.0,0.0,12.0,none,none,none
suneelpatel/Python-for-Data-Scientists,5.0,2.0,12.0,none,none,none
xxsacxx/alpine-python3-numpy-pandas-sparkContainer-spark-submit,5.0,0.0,12.0,none,none,nnumpy==1.15.0
ashirsch/spe2py,4.0,4.0,48.0,none,none,none
yang1young/PythonMLFramework,4.0,0.0,36.0,none,none,none
cjaques/pybind_examples,4.0,3.0,24.0,none,none,none
viyatgandhi/Online-Social-Networking,4.0,5.0,36.0,none,none,none
GeoscienceAustralia/BAL,4.0,1.0,48.0,none,none,none
sujithTSR/surface-curvature,4.0,1.0,60.0,none,none,none
themech/Machine-Learning-Coursera-Tensorflow,4.0,2.0,36.0,ntensorflow==1.5.0,none,nnumpy==1.14.1
MikeBild/introduction-python,4.0,0.0,36.0,none,none,none
papachristoumarios/triton-fpr,4.0,0.0,60.0,none,none,none
alipsgh/quick-tutorial-on-data-science,4.0,1.0,12.0,none,none,none
rashidch/Applied-Data-Science-in-Python-on-Coursera-1,4.0,0.0,36.0,none,none,none
AlphaDeeX/LSTM-Python,4.0,2.0,36.0,none,none,none
guanfuchen/PyMathModule,4.0,3.0,24.0,none,none,none
bsc-dd/hecuba,4.0,1.0,48.0,none,none,nnumpy >= 1.16
vitobellini/cppsim,4.0,0.0,24.0,none,none,none
rsnemmen/swig-numpy-2d,4.0,2.0,24.0,none,none,none
yaricom/english-article-correction,4.0,1.0,36.0,none,none,none
inishchith/SoundAnalysis,4.0,1.0,36.0,none,none,none
Lonch-Wong/python-requests_html-with-flightaware,4.0,1.0,24.0,none,none,none
Jezemy/VideoSubScanPlayer,4.0,0.0,0.0,none,none,none
tsaqib/ml-playground,4.0,1.0,36.0,none,none,none
DanialBeg/SunTracking,4.0,1.0,36.0,none,none,none
ianlini/pandas-pitfalls,4.0,0.0,24.0,none,none,none
ntrang086/ml_trading_defeat_learners,4.0,10.0,24.0,none,none,none
moadmmh/Virtual-Mouse-Using-Gesture-Recognition,4.0,9.0,24.0,none,none,none
ashutoshtiwari13/Simple-Random-Search,4.0,1.0,12.0,none,none,numpy==1.16.0
ravitejaCR7/Machine-Learning,4.0,3.0,24.0,none,none,none
raduenuca/dat64x-capstone-project,4.0,0.0,12.0,none,none,none
vincentbonnetcg/Numerical-Bric-a-Brac,4.0,0.0,24.0,none,none,none
alexeyev/HSE-SPb-BigData-Python-Fall2016,4.0,0.0,36.0,none,none,none
Site1997/RNN-implementation,4.0,0.0,0.0,none,none,none
kdeldycke/chessboard,4.0,3.0,60.0,none,none,none
fritzwill/decision-tree,4.0,5.0,12.0,none,none,none
naveenjoshii/ML-DL-Online,4.0,6.0,0.0,none,none,none
dimatura/pypcl,4.0,3.0,24.0,none,none,none
chakri1804/sumohana_AI_ML,4.0,1.0,24.0,none,none,none
timasjov/famous-algorithms,4.0,1.0,60.0,none,none,none
bjpcjp/python-data-science-handbook,4.0,4.0,24.0,none,none,none
PukkaPad/Recognizing-handwritten-digits-KNN,4.0,8.0,36.0,none,none,none
kmr0877/Realtime-Object-Tracking-using-Opencv,4.0,4.0,36.0,none,none,none
xamQrexii/cryptocurrency-arbitrage-opportunities,4.0,0.0,24.0,none,none,none
KeyWeeUsr/KrySA,4.0,9.0,48.0,none,none,none
afonsogloeden/face-spoofing-detection,4.0,0.0,12.0,none,none,none
Tejas07PSK/Melanoma-Detection,4.0,2.0,24.0,none,none,none
davidawad/Behavioral-Cloning,4.0,1.0,36.0,none,none,none
wnagesh/Datacamp-Intro-to-Python-For-Data-Science,4.0,10.0,36.0,none,none,none
akashdeepjassal/Iris-Classifier,4.0,0.0,36.0,none,none,none
Satyam-Bhalla/Cheatsheets,4.0,1.0,24.0,none,none,none
brunocampos01/analysis-flow-data-science,4.0,1.0,24.0,none,none,none
woojiahao/pds-analysis,4.0,0.0,24.0,none,none,none
brijshah27/House-Sales-Prediction,4.0,4.0,36.0,none,none,none
samueljamesbell/prettymatrix,4.0,0.0,24.0,none,none,none
codexponent/dota2-draft-analysis,4.0,2.0,24.0,none,none,none
atifkarim/Time-Series-Forecasting-Using-Machine-Learning-Algorithm,4.0,0.0,12.0,none,none,none
latifatcii/NBA-Match-Result-and-Score-Prediction,4.0,0.0,12.0,none,none,none
fanta-mnix/graph-ranking,4.0,0.0,36.0,none,none,none
78526Nasir/Top-5-Machine-Learning-Libraries-in-Python,4.0,6.0,24.0,none,none,none
Crowgers/Diamond_Square,4.0,0.0,36.0,none,none,none
naveenjoshii/ML-DL-Online,4.0,6.0,0.0,none,none,none
chakri1804/sumohana_AI_ML,4.0,1.0,24.0,none,none,none
ZainUlMustafa/K-Nearest-Neighbour-Algorithms,4.0,0.0,24.0,none,none,none
capitanov/hh_research,4.0,5.0,12.0,none,none,nnumpy==1.18.2
fanta-mnix/graph-ranking,4.0,0.0,36.0,none,none,none
78526Nasir/Top-5-Machine-Learning-Libraries-in-Python,4.0,6.0,24.0,none,none,none
Crowgers/Diamond_Square,4.0,0.0,36.0,none,none,none
daniel-shimon/deep-learning,4.0,0.0,36.0,none,none,none
luckylittle/most-frequently-used-keywords-in-devops-jobs-au,4.0,0.0,36.0,none,none,none
anujdutt9/Generative-Adversarial-Networks,4.0,6.0,36.0,none,none,none
KohakuBlueleaf/BlueNet,4.0,1.0,0.0,none,none,none
Kalhina/data-analysis-projects,4.0,2.0,36.0,none,none,none
Crowgers/Simple-Mandelbrot,4.0,1.0,48.0,none,none,none
sauloafoliveira/python-mlm,4.0,0.0,24.0,none,none,none
boosuro/diabetes_prediction_with_knn,4.0,8.0,24.0,none,none,none
michelemartone/pyrsb,4.0,1.0,36.0,none,none,numpy >= 1.8.0
shubham-gaur/Smart-Attendance-Management,4.0,3.0,24.0,none,none,none
syamkakarla98/Image-Kit,4.0,3.0,12.0,none,none,none
Arpith-kumar/EmotionRecognition,4.0,2.0,12.0,none,none,none
jeevanjyoti4/advmechsolids,4.0,0.0,0.0,none,none,  - numpy
rrwen/qgis-rasterarray,4.0,2.0,60.0,none,none,none
lmego/boston_housing,4.0,4.0,48.0,none,none,none
clamesc/Decentralized-Scheduling-Strategy-of-Heating-Systems,4.0,4.0,36.0,none,none,none
smilu97/py-miniflow,4.0,0.0,24.0,none,none,nnumpy==1.15.1
linanova/texture-fill,4.0,0.0,36.0,none,none,none
Seiji-Armstrong/seipy,4.0,0.0,36.0,none,none,none
sapanz/Digit-Recognition-using-Machine-Learning,4.0,1.0,24.0,none,none,none
PWhiddy/pybind11-cuda,4.0,2.0,24.0,none,none,none
prodo56/DeepLearning,4.0,7.0,36.0,none,none,none
abbas-ezoji/shift-scheduling,4.0,3.0,12.0,none,none,nnumpydoc==0.9.1
raghavnyati90/Yelp-Dataset-Classification-,4.0,7.0,36.0,none,none,none
petermchale/math9,4.0,11.0,36.0,none,none,none
xi/infinity-player,4.0,2.0,36.0,none,none,none
CSDUMMI/SpatialPooler,4.0,0.0,12.0,none,none,none
JackieJ/PyPandasWorkshop,4.0,1.0,36.0,none,none,none
iamnottheway/Image-Editor-Python-tkinter,4.0,0.0,36.0,none,none,none
SweetIceLolly/Sao_Title_Bot,4.0,0.0,0.0,none,none,none
UoAACG/WorkshopNotebooks,4.0,1.0,36.0,none,none,none
MichaelStott/PandasDataframeGUIKivy,4.0,3.0,36.0,none,none,none
shivansh/CRAM,4.0,3.0,48.0,none,none,none
Lazymindz/gradient_descent_numpy,4.0,1.0,24.0,none,none,none
kahnvex/slugnet,4.0,0.0,36.0,none,none,none
ivikash/Neural-Network-using-Numpy,4.0,1.0,36.0,none,none,none
MaverickTK/CheatSheets,4.0,2.0,12.0,none,none,none
1997alireza/RNN_Language_Model,4.0,0.0,24.0,none,none,none
daodavid/gravity-simulation,5.0,0.0,12.0,none,none,none
mattNest/CAPM-Python-Example,4.0,0.0,12.0,none,none,none
methylDragon/python-data-tools-reference,4.0,3.0,12.0,none,none,none
sadimanna/idx2numpy_array,4.0,4.0,36.0,none,none,none
nagnath006/Soccer-Analytics,4.0,3.0,36.0,none,none,none
chok68/video-scene-inventory,4.0,4.0,24.0,ntensorflow==1.3.0,none,numpy==1.12.1
mk43/machine-learning,4.0,2.0,24.0,none,none,none
anarayanan86/Harvardx-PH526x,4.0,20.0,48.0,none,none,none
jtcass01/SIMON,4.0,1.0,24.0,none,none,none
samuelterra22/Wireless-Access-Point-Optimization,4.0,1.0,36.0,none,none,nnumpy==1.18.5
YongWookHa/Multi-layer-Perceptron,4.0,0.0,12.0,none,none,none
free-to-learn/Numpy-Basic-with-Python,4.0,7.0,12.0,none,none,none
riccardomurri/python-for-science-intro,4.0,3.0,36.0,none,none,none
NoOneUST/BoatSimulation-PyTorch-Numpy,4.0,3.0,12.0,none,none,none
vadimkantorov/readaudio,4.0,0.0,0.0,none,none,none
sharmaroshan/Numpy-and-Pandas,4.0,2.0,0.0,none,none,none
www5226448/Master-Machine-Learning,4.0,0.0,12.0,none,none,none
edenau/ml-in-numpy,4.0,5.0,12.0,none,none,none
chandrikadeb7/Face-Recognition-in-Python,4.0,2.0,12.0,none,none,none
Imperial-College-Data-Science-Society/Scientific-Python,3.0,8.0,36.0,none,none,none
jimit105/Data-Science-in-Python-Pandas-Scikit-learn-Numpy-Matplotlib,3.0,10.0,36.0,none,none,none
fotisk07/NumPy-Pandas-MatPlotLib,3.0,4.0,24.0,none,none,none
DQ0408/NumPy-SRCNN,3.0,0.0,24.0,none,none,none
SaravananJaichandar/Python,3.0,0.0,24.0,none,none,none
zxcvb6958/data-processing-tools,3.0,0.0,24.0,none,none,none
mwil/collision,3.0,4.0,84.0,none,none,none
kosciak9/image_difference,3.0,0.0,36.0,none,none,none
Pk13055/bomberman,3.0,2.0,36.0,none,none,numpy==1.12.1
VenkataramanSubramanian/Carnd-Vehicle-Detection-YOLOv3-darknet-,3.0,3.0,24.0,none,none,none
Sarbjyotsingh/Gender-Classification-with-Python,3.0,3.0,36.0,none,none,none
davidbailey/py,3.0,3.0,60.0,none,none,none
yinfirefire/Machine-Learning-Specialization,3.0,6.0,24.0,none,none,none
abhijit-kar/pragmatic-machine-learning,3.0,0.0,36.0,none,none,none
dvoraka/pygl-prototype,3.0,0.0,72.0,none,none,nnumpy==1.8.1
nwoeanhinnogaehr/ScPy,3.0,1.0,48.0,none,none,none
gertingold/pythonnawi,3.0,1.0,48.0,none,none,none
kunmishra2599/NTUOSS-ScientificProgramming,3.0,0.0,24.0,none,none,none
TaavishThaman/Perceptron-using-numpy,3.0,0.0,24.0,none,none,none
dongdonghy/realtime_lane_detection,3.0,4.0,24.0,none,none,none
marsrobot/Tensor,3.0,1.0,24.0,none,none,none
tk3369/NPFinancial.jl,3.0,1.0,36.0,none,none,none
StevenMaude/python-data-science-handbook-notes,3.0,2.0,36.0,none,none,none
theghostofc/Exploratory-Data-Analytics,3.0,1.0,24.0,none,none,none
FookieMonster/numpy-unittest-100,3.0,3.0,24.0,none,none,numpy>=1.14.5
Ilya-Muromets/DuoDepth,3.0,0.0,24.0,none,none,none
Ilya-Muromets/DuoDepth,3.0,0.0,24.0,none,none,none
slothai/docker-numpy,3.0,2.0,24.0,none,none,none
KaleabTessera/NeuralNetwork_From_Scratch,3.0,0.0,12.0,none,none,none
shahen94/machine-learning-courses,3.0,0.0,36.0,none,none,none
Murphydbuffalo/smile-o-meter,3.0,0.0,36.0,none,none,none
Yatrie/PKDD-Taxi-Service-Trajectory-Prediction-Challenge,3.0,1.0,24.0,none,none,none
Technologicat/sudoku_lhs,3.0,1.0,36.0,none,none,none
JuzerShakir/Forest_Cover-Type,3.0,0.0,24.0,none,none,none
howardvickers/galvanize-capstone-asthma,3.0,0.0,24.0,none,none,none
sean-huni/deep-learning,3.0,0.0,24.0,none,none,none
yugrao/Spiro,3.0,0.0,24.0,none,none,none
adithya-b/ML,3.0,0.0,36.0,none,none,none
antra0497/Udacity-Predicting-Boston-Housing-Prices,3.0,4.0,24.0,none,none,none
kasramvd/Visualgit,3.0,0.0,48.0,none,none,none
andresberejnoi/NetBuilder,3.0,4.0,48.0,none,none,none
justachetan/scientific-computing,3.0,0.0,12.0,none,none,none
qucontrol/newtonprop,3.0,1.0,24.0,none,none,none
coxy1989/isl,3.0,0.0,12.0,none,none,        - numpy=1.15.4
fotisk07/SI-Project,3.0,1.0,12.0,none,none,none
delunapaolo/calipy,3.0,0.0,12.0,none,none,none
neerajkesav/ann-thyroid-classification,3.0,0.0,12.0,none,none,none
KevinCorcor/Numerical-Computation,3.0,1.0,24.0,none,none,none
bitan1998/ANN-TRAINING-USING-DIFERENTIAL-EVOLUTION,3.0,0.0,12.0,none,none,none
johnosullivan/ml-horse-prediction,3.0,4.0,36.0,none,none,none
TheAutumnOfRice/AutumnBridge,3.0,0.0,0.0,none,none,none
LizardLad/Spherical-Cow,3.0,1.0,36.0,none,none,none
rahup97/theta-maze,3.0,2.0,36.0,none,none,none
ys1998/nn-dl,3.0,1.0,36.0,none,none,none
ejimenezb/Intelligent-Traffic-Light-Control-System.,3.0,4.0,24.0,none,none,none
YaegerKnight/ML,3.0,3.0,24.0,none,none,none
abevieiramota/learning-calculus,3.0,0.0,48.0,none,none,none
johnosullivan/ml-horse-prediction,3.0,4.0,36.0,none,none,none
TheAutumnOfRice/AutumnBridge,3.0,0.0,0.0,none,none,none
LizardLad/Spherical-Cow,3.0,1.0,36.0,none,none,none
rahup97/theta-maze,3.0,2.0,36.0,none,none,none
ys1998/nn-dl,3.0,1.0,36.0,none,none,none
ejimenezb/Intelligent-Traffic-Light-Control-System.,3.0,4.0,24.0,none,none,none
YaegerKnight/ML,3.0,3.0,24.0,none,none,none
EeshaArif/iDOCtify,3.0,0.0,12.0,none,none,none
Karan-Malik/MovieHype,3.0,0.0,0.0,none,none,none
kaustubhdevkar/Handwritten-Digit-Recognition-Using-Deep-Learning,3.0,1.0,24.0,none,none,none
phreakyphoenix/Predicting-Bike-Sharing-Patterns,3.0,0.0,0.0,none,none,nnumpy==1.12.1
hameerabbasi/sparse-ndarray-protocols,3.0,0.0,24.0,none,none,none
jdbr99/computo-cientifico-python,3.0,1.0,12.0,none,none,none
essanhaji/linear_regression,3.0,0.0,0.0,none,none,none
omardelarosa/nes-ai,3.0,0.0,12.0,none,none,none
sparseinference/RDFT,3.0,0.0,24.0,none,none,none
DPotoyan/Chem563,3.0,3.0,24.0,none,none,  - numpy
Akramz/grokking-deep-learning-notebooks,3.0,5.0,12.0,none,none,none
prasants/pyds,3.0,10.0,36.0,none,none,none
uchidalab/font2img,3.0,6.0,36.0,none,none,none
mehul-m-prajapati/machine-learning-projects,3.0,1.0,36.0,none,none,none
Singhak/MLPortfolio,3.0,0.0,36.0,none,none,none
JanKrAppel/gadgetbridge_plotter,3.0,0.0,24.0,none,none,none
YohnWang/let-s-study,3.0,0.0,24.0,none,none,none
honestus/HCVRP,3.0,1.0,24.0,none,none,none
costrouc/pysrim,3.0,3.0,24.0,none,none,none
nishantkr18/Dynamic-Gesture-recognition-system,3.0,5.0,0.0,none,none,none
BigTony666/football-manager,3.0,2.0,12.0,none,none,none
cceh/ntg,3.0,0.0,48.0,none,none,none
