App,Category,Rating,Reviews,Size,Installs,Type,Price,ContentRating,Genres,Last Updated,Current Ver,Android Ver
Photo Editor & Candy Camera & Grid & ScrapBook,ART_AND_DESIGN,4.1,159,19M,"10,000+",Free,0,Everyone,Art & Design,"January 7, 2018",1.0.0,4.0.3 and up
Coloring book moana,ART_AND_DESIGN,3.9,967,14M,"500,000+",Free,0,Everyone,Art & Design;Pretend Play,"January 15, 2018",2.0.0,4.0.3 and up
"U Launcher Lite â€“ FREE Live Cool Themes, Hide Apps",ART_AND_DESIGN,4.7,87510,8.7M,"5,000,000+",Free,0,Everyone,Art & Design,"August 1, 2018",1.2.4,4.0.3 and up
Sketch - Draw & Paint,ART_AND_DESIGN,4.5,215644,25M,"50,000,000+",Free,0,Teen,Art & Design,"June 8, 2018",Varies with device,4.2 and up
Pixel Draw - Number Art Coloring Book,ART_AND_DESIGN,4.3,967,2.8M,"100,000+",Free,0,Everyone,Art & Design;Creativity,"June 20, 2018",1.1,4.4 and up
Paper flowers instructions,ART_AND_DESIGN,4.4,167,5.6M,"50,000+",Free,0,Everyone,Art & Design,"March 26, 2017",1.0,2.3 and up
Smoke Effect Photo Maker - Smoke Editor,ART_AND_DESIGN,3.8,178,19M,"50,000+",Free,0,Everyone,Art & Design,"April 26, 2018",1.1,4.0.3 and up
Infinite Painter,ART_AND_DESIGN,4.1,36815,29M,"1,000,000+",Free,0,Everyone,Art & Design,"June 14, 2018",6.1.61.1,4.2 and up
Garden Coloring Book,ART_AND_DESIGN,4.4,13791,33M,"1,000,000+",Free,0,Everyone,Art & Design,"September 20, 2017",2.9.2,3.0 and up
Kids Paint Free - Drawing Fun,ART_AND_DESIGN,4.7,121,3.1M,"10,000+",Free,0,Everyone,Art & Design;Creativity,"July 3, 2018",2.8,4.0.3 and up
Text on Photo - Fonteee,ART_AND_DESIGN,4.4,13880,28M,"1,000,000+",Free,0,Everyone,Art & Design,"October 27, 2017",1.0.4,4.1 and up
Name Art Photo Editor - Focus n Filters,ART_AND_DESIGN,4.4,8788,12M,"1,000,000+",Free,0,Everyone,Art & Design,"July 31, 2018",1.0.15,4.0 and up
Tattoo Name On My Photo Editor,ART_AND_DESIGN,4.2,44829,20M,"10,000,000+",Free,0,Teen,Art & Design,"April 2, 2018",3.8,4.1 and up
Mandala Coloring Book,ART_AND_DESIGN,4.6,4326,21M,"100,000+",Free,0,Everyone,Art & Design,"June 26, 2018",1.0.4,4.4 and up
